Workbook

Sheet Raw data
A1: Sector | B1: Year | C1: Month | D1: Cereals and products | E1: Meat and fish | F1: Egg | G1: Milk and products | H1: Oils and fats | I1: Fruits | J1: Vegetables | K1: Pulses and products | L1: Sugar and Confectionery | M1: Spices | N1: Non-alcoholic beverages | O1: Prepared meals, scks, sweets etc. | P1: Food and beverages | Q1: Pan, tobacco and intoxicants | R1: Clothing | S1: Footwear | T1: Clothing and footwear | U1: Housing | V1: Fuel and light | W1: Household goods and services | X1: Health | Y1: Transport and communication | Z1: Recreation and amusement | AA1: Education | AB1: Persol care and effects | AC1: Miscellaneous | AD1: General index | AF1: Cereals and products | AG1: Meat and fish | AH1: Egg | AI1: Milk and products | AJ1: Oils and fats | AK1: Fruits | AL1: Vegetables | AM1: Pulses and products | AN1: Sugar and Confectionery | AO1: Spices | AP1: Non-alcoholic beverages | AQ1: Prepared meals, scks, sweets etc. | AR1: Food and beverages | AS1: Pan, tobacco and intoxicants | AT1: Clothing | AU1: Footwear | AV1: Clothing and footwear | AW1: Housing | AX1: Fuel and light | AY1: Household goods and services | AZ1: Health | BA1: Transport and communication | BB1: Recreation and amusement | BC1: Education | BD1: Persol care and effects | BE1: Miscellaneous | BF1: General index
A2: Rural | B2: 2013 | C2: January | D2: 107.5 | E2: 106.3 | F2: 108.1 | G2: 104.9 | H2: 106.1 | I2: 103.9 | J2: 101.9 | K2: 106.1 | L2: 106.8 | M2: 103.1 | N2: 104.8 | O2: 106.7 | P2: 105.5 | Q2: 105.1 | R2: 106.5 | S2: 105.8 | T2: 106.4 | V2: 105.5 | W2: 104.8 | X2: 104 | Y2: 103.3 | Z2: 103.4 | AA2: 103.8 | AB2: 104.7 | AC2: 104 | AD2: 105.1
A3: Urban | B3: 2013 | C3: January | D3: 110.5 | E3: 109.1 | F3: 113 | G3: 103.6 | H3: 103.4 | I3: 102.3 | J3: 102.9 | K3: 105.8 | L3: 105.1 | M3: 101.8 | N3: 105.1 | O3: 107.9 | P3: 105.9 | Q3: 105.2 | R3: 105.9 | S3: 105 | T3: 105.8 | U3: 100.3 | V3: 105.4 | W3: 104.8 | X3: 104.1 | Y3: 103.2 | Z3: 102.9 | AA3: 103.5 | AB3: 104.3 | AC3: 103.7 | AD3: 104 | AF3: Moving average used here: IF(D2<>"",D2,ROUND(AVERAGE(D2:D8),1))
A4: Rural+Urban | B4: 2013 | C4: January | D4: 108.4 | E4: 107.3 | F4: 110 | G4: 104.4 | H4: 105.1 | I4: 103.2 | J4: 102.2 | K4: 106 | L4: 106.2 | M4: 102.7 | N4: 104.9 | O4: 107.3 | P4: 105.6 | Q4: 105.1 | R4: 106.3 | S4: 105.5 | T4: 106.2 | U4: 100.3 | V4: 105.5 | W4: 104.8 | X4: 104 | Y4: 103.2 | Z4: 103.1 | AA4: 103.6 | AB4: 104.5 | AC4: 103.9 | AD4: 104.6
A5: Rural | B5: 2013 | C5: February | D5: 109.2 | E5: 108.7 | F5: 110.2 | G5: 105.4 | H5: 106.7 | I5: 104 | J5: 102.4 | K5: 105.9 | L5: 105.7 | M5: 103.1 | N5: 105.1 | O5: 107.7 | P5: 106.3 | Q5: 105.6 | R5: 107.1 | S5: 106.3 | T5: 107 | V5: 106.2 | W5: 105.2 | X5: 104.4 | Y5: 103.9 | Z5: 104 | AA5: 104.1 | AB5: 104.6 | AC5: 104.4 | AD5: 105.8
A6: Urban | B6: 2013 | C6: February | D6: 112.9 | E6: 112.9 | F6: 116.9 | G6: 104 | H6: 103.5 | I6: 103.1 | J6: 104.9 | K6: 104.1 | L6: 103.8 | M6: 102.3 | N6: 106 | O6: 109 | P6: 107.2 | Q6: 106 | R6: 106.6 | S6: 105.5 | T6: 106.4 | U6: 100.4 | V6: 105.7 | W6: 105.2 | X6: 104.7 | Y6: 104.4 | Z6: 103.3 | AA6: 103.7 | AB6: 104.3 | AC6: 104.3 | AD6: 104.7
A7: Rural+Urban | B7: 2013 | C7: February | D7: 110.4 | E7: 110.2 | F7: 112.8 | G7: 104.9 | H7: 105.5 | I7: 103.6 | J7: 103.2 | K7: 105.3 | L7: 105.1 | M7: 102.8 | N7: 105.5 | O7: 108.3 | P7: 106.6 | Q7: 105.7 | R7: 106.9 | S7: 106 | T7: 106.8 | U7: 100.4 | V7: 106 | W7: 105.2 | X7: 104.5 | Y7: 104.2 | Z7: 103.6 | AA7: 103.9 | AB7: 104.5 | AC7: 104.4 | AD7: 105.3
A8: Rural | B8: 2013 | C8: March | D8: 110.2 | E8: 108.8 | F8: 109.9 | G8: 105.6 | H8: 106.2 | I8: 105.7 | J8: 101.4 | K8: 105.7 | L8: 105 | M8: 103.3 | N8: 105.6 | O8: 108.2 | P8: 106.6 | Q8: 106.5 | R8: 107.6 | S8: 106.8 | T8: 107.5 | V8: 106.1 | W8: 105.6 | X8: 104.7 | Y8: 104.6 | Z8: 104 | AA8: 104.3 | AB8: 104.3 | AC8: 104.6 | AD8: 106
A9: Urban | B9: 2013 | C9: March | D9: 113.9 | E9: 111.4 | F9: 113.2 | G9: 104.3 | H9: 102.7 | I9: 104.9 | J9: 103.8 | K9: 103.5 | L9: 102.6 | M9: 102.4 | N9: 107 | O9: 109.8 | P9: 107.3 | Q9: 106.8 | R9: 107.2 | S9: 106 | T9: 107 | U9: 100.4 | V9: 106 | W9: 105.7 | X9: 105.2 | Y9: 105.5 | Z9: 103.5 | AA9: 103.8 | AB9: 104.2 | AC9: 104.9 | AD9: 105
A10: Rural+Urban | B10: 2013 | C10: March | D10: 111.4 | E10: 109.7 | F10: 111.2 | G10: 105.1 | H10: 104.9 | I10: 105.3 | J10: 102.2 | K10: 105 | L10: 104.2 | M10: 103 | N10: 106.2 | O10: 108.9 | P10: 106.9 | Q10: 106.6 | R10: 107.4 | S10: 106.5 | T10: 107.3 | U10: 100.4 | V10: 106.1 | W10: 105.6 | X10: 104.9 | Y10: 105.1 | Z10: 103.7 | AA10: 104 | AB10: 104.3 | AC10: 104.7 | AD10: 105.5
A11: Rural | B11: 2013 | C11: April | D11: 110.2 | E11: 109.5 | F11: 106.9 | G11: 106.3 | H11: 105.7 | I11: 108.3 | J11: 103.4 | K11: 105.7 | L11: 104.2 | M11: 103.2 | N11: 106.5 | O11: 108.8 | P11: 107.1 | Q11: 107.1 | R11: 108.1 | S11: 107.4 | T11: 108 | V11: 106.5 | W11: 106.1 | X11: 105.1 | Y11: 104.4 | Z11: 104.5 | AA11: 104.8 | AB11: 102.7 | AC11: 104.6 | AD11: 106.4
A12: Urban | B12: 2013 | C12: April | D12: 114.6 | E12: 113.4 | F12: 106 | G12: 104.7 | H12: 102.1 | I12: 109.5 | J12: 109.7 | K12: 104.6 | L12: 102 | M12: 103.5 | N12: 108.2 | O12: 110.6 | P12: 108.8 | Q12: 108.5 | R12: 107.9 | S12: 106.4 | T12: 107.7 | U12: 100.5 | V12: 106.4 | W12: 106.5 | X12: 105.7 | Y12: 105 | Z12: 104 | AA12: 105.2 | AB12: 103.2 | AC12: 105.1 | AD12: 105.7
A13: Rural+Urban | B13: 2013 | C13: April | D13: 111.6 | E13: 110.9 | F13: 106.6 | G13: 105.7 | H13: 104.4 | I13: 108.9 | J13: 105.5 | K13: 105.3 | L13: 103.5 | M13: 103.3 | N13: 107.2 | O13: 109.6 | P13: 107.7 | Q13: 107.5 | R13: 108 | S13: 107 | T13: 107.9 | U13: 100.5 | V13: 106.5 | W13: 106.3 | X13: 105.3 | Y13: 104.7 | Z13: 104.2 | AA13: 105 | AB13: 102.9 | AC13: 104.8 | AD13: 106.1
A14: Rural | B14: 2013 | C14: May | D14: 110.9 | E14: 109.8 | F14: 105.9 | G14: 107.5 | H14: 105.3 | I14: 108.1 | J14: 107.3 | K14: 106.1 | L14: 103.7 | M14: 104 | N14: 107.4 | O14: 109.9 | P14: 108.1 | Q14: 108.1 | R14: 108.8 | S14: 107.9 | T14: 108.6 | V14: 107.5 | W14: 106.8 | X14: 105.7 | Y14: 104.1 | Z14: 105 | AA14: 105.5 | AB14: 102.1 | AC14: 104.8 | AD14: 107.2
A15: Urban | B15: 2013 | C15: May | D15: 115.4 | E15: 114.2 | F15: 102.7 | G15: 105.5 | H15: 101.5 | I15: 110.6 | J15: 123.7 | K15: 105.2 | L15: 101.9 | M15: 105 | N15: 109.1 | O15: 111.3 | P15: 111.1 | Q15: 109.8 | R15: 108.5 | S15: 106.7 | T15: 108.3 | U15: 100.5 | V15: 107.2 | W15: 107.1 | X15: 106.2 | Y15: 103.9 | Z15: 104.6 | AA15: 105.7 | AB15: 102.6 | AC15: 104.9 | AD15: 106.6
A16: Rural+Urban | B16: 2013 | C16: May | D16: 112.3 | E16: 111.3 | F16: 104.7 | G16: 106.8 | H16: 103.9 | I16: 109.3 | J16: 112.9 | K16: 105.8 | L16: 103.1 | M16: 104.3 | N16: 108.1 | O16: 110.5 | P16: 109.2 | Q16: 108.6 | R16: 108.7 | S16: 107.4 | T16: 108.5 | U16: 100.5 | V16: 107.4 | W16: 106.9 | X16: 105.9 | Y16: 104 | Z16: 104.8 | AA16: 105.6 | AB16: 102.3 | AC16: 104.8 | AD16: 106.9
A17: Rural | B17: 2013 | C17: June | D17: 112.3 | E17: 112.1 | F17: 108.1 | G17: 108.3 | H17: 105.9 | I17: 109.2 | J17: 118 | K17: 106.8 | L17: 104.1 | M17: 105.4 | N17: 108.2 | O17: 111 | P17: 110.6 | Q17: 109 | R17: 109.7 | S17: 108.8 | T17: 109.5 | V17: 108.5 | W17: 107.5 | X17: 106.3 | Y17: 105 | Z17: 105.6 | AA17: 106.5 | AB17: 102.5 | AC17: 105.5 | AD17: 108.9
A18: Urban | B18: 2013 | C18: June | D18: 117 | E18: 120.1 | F18: 112.5 | G18: 107.3 | H18: 101.3 | I18: 112.4 | J18: 143.6 | K18: 105.4 | L18: 101.4 | M18: 106.4 | N18: 110 | O18: 112.2 | P18: 115 | Q18: 110.9 | R18: 109.2 | S18: 107.2 | T18: 108.9 | U18: 106.6 | V18: 108 | W18: 107.7 | X18: 106.5 | Y18: 105.2 | Z18: 105.2 | AA18: 108.1 | AB18: 103.3 | AC18: 106.1 | AD18: 109.7
A19: Rural+Urban | B19: 2013 | C19: June | D19: 113.8 | E19: 114.9 | F19: 109.8 | G19: 107.9 | H19: 104.2 | I19: 110.7 | J19: 126.7 | K19: 106.3 | L19: 103.2 | M19: 105.7 | N19: 109 | O19: 111.6 | P19: 112.2 | Q19: 109.5 | R19: 109.5 | S19: 108.1 | T19: 109.3 | U19: 106.6 | V19: 108.3 | W19: 107.6 | X19: 106.4 | Y19: 105.1 | Z19: 105.4 | AA19: 107.4 | AB19: 102.8 | AC19: 105.8 | AD19: 109.3
A20: Rural | B20: 2013 | C20: July | D20: 113.4 | E20: 114.9 | F20: 110.5 | G20: 109.3 | H20: 106.2 | I20: 110.3 | J20: 129.2 | K20: 107.1 | L20: 104.3 | M20: 106.4 | N20: 109.1 | O20: 112.1 | P20: 113.1 | Q20: 109.8 | R20: 110.5 | S20: 109.5 | T20: 110.3 | V20: 109.5 | W20: 108.3 | X20: 106.9 | Y20: 106.8 | Z20: 106.4 | AA20: 107.8 | AB20: 102.5 | AC20: 106.5 | AD20: 110.7
A21: Urban | B21: 2013 | C21: July | D21: 117.8 | E21: 119.2 | F21: 114 | G21: 108.3 | H21: 101.1 | I21: 113.2 | J21: 160.9 | K21: 105.1 | L21: 101.3 | M21: 107.5 | N21: 110.4 | O21: 113.1 | P21: 117.5 | Q21: 111.7 | R21: 109.8 | S21: 107.8 | T21: 109.5 | U21: 107.7 | V21: 108.6 | W21: 108.1 | X21: 107.1 | Y21: 107.3 | Z21: 105.9 | AA21: 110.1 | AB21: 103.2 | AC21: 107.3 | AD21: 111.4
A22: Rural+Urban | B22: 2013 | C22: July | D22: 114.8 | E22: 116.4 | F22: 111.9 | G22: 108.9 | H22: 104.3 | I22: 111.7 | J22: 140 | K22: 106.4 | L22: 103.3 | M22: 106.8 | N22: 109.6 | O22: 112.6 | P22: 114.7 | Q22: 110.3 | R22: 110.2 | S22: 108.8 | T22: 110 | U22: 107.7 | V22: 109.2 | W22: 108.2 | X22: 107 | Y22: 107.1 | Z22: 106.1 | AA22: 109.1 | AB22: 102.8 | AC22: 106.9 | AD22: 111
A23: Rural | B23: 2013 | C23: August | D23: 114.3 | E23: 115.4 | F23: 111.1 | G23: 110 | H23: 106.4 | I23: 110.8 | J23: 138.9 | K23: 107.4 | L23: 104.1 | M23: 106.9 | N23: 109.7 | O23: 112.6 | P23: 114.9 | Q23: 110.7 | R23: 111.3 | S23: 110.2 | T23: 111.1 | V23: 109.9 | W23: 108.7 | X23: 107.5 | Y23: 107.8 | Z23: 106.8 | AA23: 108.7 | AB23: 105 | AC23: 107.5 | AD23: 112.1
A24: Urban | B24: 2013 | C24: August | D24: 118.3 | E24: 120.4 | F24: 112.7 | G24: 108.9 | H24: 101.1 | I24: 108.7 | J24: 177 | K24: 104.7 | L24: 101 | M24: 108.5 | N24: 110.9 | O24: 114.3 | P24: 119.6 | Q24: 112.4 | R24: 110.6 | S24: 108.3 | T24: 110.2 | U24: 108.9 | V24: 109.3 | W24: 108.7 | X24: 107.6 | Y24: 108.1 | Z24: 106.5 | AA24: 110.8 | AB24: 106 | AC24: 108.3 | AD24: 112.7
A25: Rural+Urban | B25: 2013 | C25: August | D25: 115.6 | E25: 117.2 | F25: 111.7 | G25: 109.6 | H25: 104.5 | I25: 109.8 | J25: 151.8 | K25: 106.5 | L25: 103.1 | M25: 107.4 | N25: 110.2 | O25: 113.4 | P25: 116.6 | Q25: 111.2 | R25: 111 | S25: 109.4 | T25: 110.7 | U25: 108.9 | V25: 109.7 | W25: 108.7 | X25: 107.5 | Y25: 108 | Z25: 106.6 | AA25: 109.9 | AB25: 105.4 | AC25: 107.9 | AD25: 112.4
A26: Rural | B26: 2013 | C26: September | D26: 115.4 | E26: 115.7 | F26: 111.7 | G26: 111 | H26: 107.4 | I26: 110.9 | J26: 154 | K26: 108.1 | L26: 104.2 | M26: 107.9 | N26: 110.4 | O26: 114 | P26: 117.8 | Q26: 111.7 | R26: 112.7 | S26: 111.4 | T26: 112.5 | V26: 111.1 | W26: 109.6 | X26: 108.3 | Y26: 109.3 | Z26: 107.7 | AA26: 109.8 | AB26: 106.7 | AC26: 108.7 | AD26: 114.2
A27: Urban | B27: 2013 | C27: September | D27: 118.6 | E27: 119.1 | F27: 113.2 | G27: 109.6 | H27: 101.7 | I27: 103.2 | J27: 174.3 | K27: 105.1 | L27: 100.8 | M27: 109.1 | N27: 111.1 | O27: 115.4 | P27: 119.2 | Q27: 112.9 | R27: 111.4 | S27: 109 | T27: 111.1 | U27: 109.7 | V27: 109.5 | W27: 109.6 | X27: 107.9 | Y27: 110.4 | Z27: 107.4 | AA27: 111.2 | AB27: 106.9 | AC27: 109.4 | AD27: 113.2
A28: Rural+Urban | B28: 2013 | C28: September | D28: 116.4 | E28: 116.9 | F28: 112.3 | G28: 110.5 | H28: 105.3 | I28: 107.3 | J28: 160.9 | K28: 107.1 | L28: 103.1 | M28: 108.3 | N28: 110.7 | O28: 114.6 | P28: 118.3 | Q28: 112 | R28: 112.2 | S28: 110.4 | T28: 111.9 | U28: 109.7 | V28: 110.5 | W28: 109.6 | X28: 108.1 | Y28: 109.9 | Z28: 107.5 | AA28: 110.6 | AB28: 106.8 | AC28: 109 | AD28: 113.7
A29: Rural | B29: 2013 | C29: October | D29: 116.3 | E29: 115.4 | F29: 112.6 | G29: 111.7 | H29: 107.7 | I29: 113.2 | J29: 164.9 | K29: 108.3 | L29: 103.9 | M29: 108.2 | N29: 111.1 | O29: 114.9 | P29: 119.8 | Q29: 112.2 | R29: 113.6 | S29: 112.3 | T29: 113.4 | V29: 111.6 | W29: 110.4 | X29: 108.9 | Y29: 109.3 | Z29: 108.3 | AA29: 110.2 | AB29: 107.5 | AC29: 109.1 | AD29: 115.5
A30: Urban | B30: 2013 | C30: October | D30: 118.9 | E30: 118.1 | F30: 114.5 | G30: 110.4 | H30: 102.3 | I30: 106.2 | J30: 183.5 | K30: 105.3 | L30: 100.2 | M30: 109.6 | N30: 111.4 | O30: 116 | P30: 120.8 | Q30: 113.5 | R30: 112.5 | S30: 109.7 | T30: 112 | U30: 110.5 | V30: 109.7 | W30: 110.2 | X30: 108.2 | Y30: 109.7 | Z30: 108 | AA30: 111.3 | AB30: 107.3 | AC30: 109.4 | AD30: 114
A31: Rural+Urban | B31: 2013 | C31: October | D31: 117.1 | E31: 116.3 | F31: 113.3 | G31: 111.2 | H31: 105.7 | I31: 109.9 | J31: 171.2 | K31: 107.3 | L31: 102.7 | M31: 108.7 | N31: 111.2 | O31: 115.4 | P31: 120.2 | Q31: 112.5 | R31: 113.2 | S31: 111.2 | T31: 112.8 | U31: 110.5 | V31: 110.9 | W31: 110.3 | X31: 108.6 | Y31: 109.5 | Z31: 108.1 | AA31: 110.8 | AB31: 107.4 | AC31: 109.2 | AD31: 114.8
A32: Rural | B32: 2013 | C32: November | D32: 117.3 | E32: 114.9 | F32: 116.2 | G32: 112.8 | H32: 108.9 | I32: 116.6 | J32: 178.1 | K32: 109.1 | L32: 103.6 | M32: 109 | N32: 111.8 | O32: 116 | P32: 122.5 | Q32: 112.8 | R32: 114.6 | S32: 113.1 | T32: 114.4 | V32: 112.6 | W32: 111.3 | X32: 109.7 | Y32: 109.6 | Z32: 108.7 | AA32: 111 | AB32: 108.2 | AC32: 109.8 | AD32: 117.4
A33: Urban | B33: 2013 | C33: November | D33: 119.8 | E33: 116.3 | F33: 122.6 | G33: 112 | H33: 103.2 | I33: 110 | J33: 192.8 | K33: 106.3 | L33: 99.5 | M33: 110.3 | N33: 111.8 | O33: 117.1 | P33: 122.9 | Q33: 114.1 | R33: 113.5 | S33: 110.3 | T33: 113 | U33: 111.1 | V33: 110 | W33: 110.9 | X33: 108.6 | Y33: 109.5 | Z33: 108.5 | AA33: 111.3 | AB33: 107.9 | AC33: 109.6 | AD33: 115
A34: Rural+Urban | B34: 2013 | C34: November | D34: 118.1 | E34: 115.4 | F34: 118.7 | G34: 112.5 | H34: 106.8 | I34: 113.5 | J34: 183.1 | K34: 108.2 | L34: 102.2 | M34: 109.4 | N34: 111.8 | O34: 116.5 | P34: 122.6 | Q34: 113.1 | R34: 114.2 | S34: 111.9 | T34: 113.8 | U34: 111.1 | V34: 111.6 | W34: 111.1 | X34: 109.3 | Y34: 109.5 | Z34: 108.6 | AA34: 111.2 | AB34: 108.1 | AC34: 109.7 | AD34: 116.3
A35: Rural | B35: 2013 | C35: December | D35: 118.4 | E35: 115.9 | F35: 120.4 | G35: 113.8 | H35: 109.5 | I35: 115.5 | J35: 145.7 | K35: 109.5 | L35: 102.9 | M35: 109.8 | N35: 112.1 | O35: 116.8 | P35: 118.7 | Q35: 113.6 | R35: 115.8 | S35: 114 | T35: 115.5 | V35: 112.8 | W35: 112.1 | X35: 110.1 | Y35: 109.9 | Z35: 109.2 | AA35: 111.6 | AB35: 108.1 | AC35: 110.1 | AD35: 115.5
A36: Urban | B36: 2013 | C36: December | D36: 120.5 | E36: 118.1 | F36: 128.5 | G36: 112.8 | H36: 103.4 | I36: 110.7 | J36: 144.8 | K36: 107.1 | L36: 98.6 | M36: 111.9 | N36: 112.1 | O36: 118.1 | P36: 117.8 | Q36: 115 | R36: 114.2 | S36: 110.9 | T36: 113.7 | U36: 110.7 | V36: 110.4 | W36: 111.3 | X36: 109 | Y36: 109.7 | Z36: 108.9 | AA36: 111.4 | AB36: 107.7 | AC36: 109.8 | AD36: 113.3
A37: Rural+Urban | B37: 2013 | C37: December | D37: 119.1 | E37: 116.7 | F37: 123.5 | G37: 113.4 | H37: 107.3 | I37: 113.3 | J37: 145.4 | K37: 108.7 | L37: 101.5 | M37: 110.5 | N37: 112.1 | O37: 117.4 | P37: 118.4 | Q37: 114 | R37: 115.2 | S37: 112.7 | T37: 114.8 | U37: 110.7 | V37: 111.9 | W37: 111.7 | X37: 109.7 | Y37: 109.8 | Z37: 109 | AA37: 111.5 | AB37: 107.9 | AC37: 110 | AD37: 114.5
A38: Rural | B38: 2014 | C38: January | D38: 118.9 | E38: 117.1 | F38: 120.5 | G38: 114.4 | H38: 109 | I38: 115.5 | J38: 123.9 | K38: 109.6 | L38: 101.8 | M38: 110.2 | N38: 112.4 | O38: 117.3 | P38: 116 | Q38: 114 | R38: 116.5 | S38: 114.5 | T38: 116.2 | V38: 113 | W38: 112.6 | X38: 110.6 | Y38: 110.5 | Z38: 109.6 | AA38: 111.8 | AB38: 108.3 | AC38: 110.6 | AD38: 114.2
A39: Urban | B39: 2014 | C39: January | D39: 121.2 | E39: 122 | F39: 129.9 | G39: 113.6 | H39: 102.9 | I39: 112.1 | J39: 118.9 | K39: 107.5 | L39: 96.9 | M39: 112.7 | N39: 112.1 | O39: 119 | P39: 115.5 | Q39: 115.7 | R39: 114.8 | S39: 111.3 | T39: 114.3 | U39: 111.6 | V39: 111 | W39: 111.9 | X39: 109.7 | Y39: 110.8 | Z39: 109.8 | AA39: 111.5 | AB39: 108 | AC39: 110.5 | AD39: 112.9
A40: Rural+Urban | B40: 2014 | C40: January | D40: 119.6 | E40: 118.8 | F40: 124.1 | G40: 114.1 | H40: 106.8 | I40: 113.9 | J40: 122.2 | K40: 108.9 | L40: 100.2 | M40: 111 | N40: 112.3 | O40: 118.1 | P40: 115.8 | Q40: 114.5 | R40: 115.8 | S40: 113.2 | T40: 115.4 | U40: 111.6 | V40: 112.2 | W40: 112.3 | X40: 110.3 | Y40: 110.7 | Z40: 109.7 | AA40: 111.6 | AB40: 108.2 | AC40: 110.6 | AD40: 113.6
A41: Rural | B41: 2014 | C41: February | D41: 119.4 | E41: 117.7 | F41: 121.2 | G41: 115 | H41: 109 | I41: 116.6 | J41: 116 | K41: 109.8 | L41: 101.1 | M41: 110.4 | N41: 112.9 | O41: 117.8 | P41: 115.3 | Q41: 114.2 | R41: 117.1 | S41: 114.5 | T41: 116.7 | V41: 113.2 | W41: 112.9 | X41: 110.9 | Y41: 110.8 | Z41: 109.9 | AA41: 112 | AB41: 108.7 | AC41: 110.9 | AD41: 114
A42: Urban | B42: 2014 | C42: February | D42: 121.9 | E42: 122 | F42: 124.5 | G42: 115.2 | H42: 102.5 | I42: 114.1 | J42: 111.5 | K42: 108.2 | L42: 95.4 | M42: 113.5 | N42: 112.1 | O42: 119.9 | P42: 115.2 | Q42: 116.2 | R42: 115.3 | S42: 111.7 | T42: 114.7 | U42: 112.5 | V42: 111.1 | W42: 112.6 | X42: 110.4 | Y42: 111.3 | Z42: 110.3 | AA42: 111.6 | AB42: 108.7 | AC42: 111 | AD42: 113.1
A43: Rural+Urban | B43: 2014 | C43: February | D43: 120.2 | E43: 119.2 | F43: 122.5 | G43: 115.1 | H43: 106.6 | I43: 115.4 | J43: 114.5 | K43: 109.3 | L43: 99.2 | M43: 111.4 | N43: 112.6 | O43: 118.8 | P43: 115.3 | Q43: 114.7 | R43: 116.4 | S43: 113.3 | T43: 115.9 | U43: 112.5 | V43: 112.4 | W43: 112.8 | X43: 110.7 | Y43: 111.1 | Z43: 110.1 | AA43: 111.8 | AB43: 108.7 | AC43: 110.9 | AD43: 113.6
A44: Rural | B44: 2014 | C44: March | D44: 120.1 | E44: 118.1 | F44: 120.7 | G44: 116.1 | H44: 109.3 | I44: 119.6 | J44: 117.9 | K44: 110.2 | L44: 101.2 | M44: 110.7 | N44: 113 | O44: 118.3 | P44: 116.2 | Q44: 114.6 | R44: 117.5 | S44: 114.9 | T44: 117.2 | V44: 113.4 | W44: 113.4 | X44: 111.4 | Y44: 111.2 | Z44: 110.2 | AA44: 112.4 | AB44: 108.9 | AC44: 111.3 | AD44: 114.6
A45: Urban | B45: 2014 | C45: March | D45: 122.1 | E45: 121.4 | F45: 121.5 | G45: 116.2 | H45: 102.8 | I45: 117.7 | J45: 113.3 | K45: 108.9 | L45: 96.3 | M45: 114.1 | N45: 112.2 | O45: 120.5 | P45: 116 | Q45: 116.7 | R45: 115.8 | S45: 112.1 | T45: 115.2 | U45: 113.2 | V45: 110.9 | W45: 113 | X45: 110.8 | Y45: 111.6 | Z45: 110.9 | AA45: 111.8 | AB45: 109.2 | AC45: 111.4 | AD45: 113.7
A46: Rural+Urban | B46: 2014 | C46: Marcrh | D46: 120.7 | E46: 119.3 | F46: 121 | G46: 116.1 | H46: 106.9 | I46: 118.7 | J46: 116.3 | K46: 109.8 | L46: 99.6 | M46: 111.8 | N46: 112.7 | O46: 119.3 | P46: 116.1 | Q46: 115.2 | R46: 116.8 | S46: 113.7 | T46: 116.4 | U46: 113.2 | V46: 112.5 | W46: 113.2 | X46: 111.2 | Y46: 111.4 | Z46: 110.6 | AA46: 112 | AB46: 109 | AC46: 111.3 | AD46: 114.2
A47: Rural | B47: 2014 | C47: April | D47: 120.2 | E47: 118.9 | F47: 118.1 | G47: 117 | H47: 109.7 | I47: 125.5 | J47: 120.5 | K47: 111 | L47: 102.6 | M47: 111.2 | N47: 113.5 | O47: 118.7 | P47: 117.2 | Q47: 115.4 | R47: 118.1 | S47: 116.1 | T47: 117.8 | V47: 113.4 | W47: 113.7 | X47: 111.8 | Y47: 111.2 | Z47: 110.5 | AA47: 113 | AB47: 108.9 | AC47: 111.5 | AD47: 115.4
A48: Urban | B48: 2014 | C48: April | D48: 122.5 | E48: 121.7 | F48: 113.3 | G48: 117 | H48: 103.1 | I48: 126.7 | J48: 121.2 | K48: 111 | L48: 100.3 | M48: 115.3 | N48: 112.7 | O48: 121 | P48: 118.2 | Q48: 117.6 | R48: 116.3 | S48: 112.5 | T48: 115.7 | U48: 113.9 | V48: 110.9 | W48: 113.4 | X48: 111 | Y48: 111.2 | Z48: 111.2 | AA48: 112.5 | AB48: 109.1 | AC48: 111.4 | AD48: 114.7
A49: Rural+Urban | B49: 2014 | C49: April | D49: 120.9 | E49: 119.9 | F49: 116.2 | G49: 117 | H49: 107.3 | I49: 126.1 | J49: 120.7 | K49: 111 | L49: 101.8 | M49: 112.6 | N49: 113.2 | O49: 119.8 | P49: 117.6 | Q49: 116 | R49: 117.4 | S49: 114.6 | T49: 117 | U49: 113.9 | V49: 112.5 | W49: 113.6 | X49: 111.5 | Y49: 111.2 | Z49: 110.9 | AA49: 112.7 | AB49: 109 | AC49: 111.5 | AD49: 115.1
A50: Rural | B50: 2014 | C50: May | D50: 120.3 | E50: 120.2 | F50: 116.9 | G50: 118 | H50: 110.1 | I50: 126.3 | J50: 123.9 | K50: 111.5 | L50: 103.5 | M50: 111.6 | N50: 114.2 | O50: 119.2 | P50: 118.2 | Q50: 116.3 | R50: 118.7 | S50: 116.8 | T50: 118.5 | V50: 113.4 | W50: 114.1 | X50: 112.1 | Y50: 111.4 | Z50: 110.9 | AA50: 113.1 | AB50: 108.9 | AC50: 111.8 | AD50: 116
A51: Urban | B51: 2014 | C51: May | D51: 122.7 | E51: 124.1 | F51: 114.2 | G51: 119.1 | H51: 103.5 | I51: 129.2 | J51: 127 | K51: 112.6 | L51: 101.3 | M51: 117 | N51: 112.9 | O51: 121.7 | P51: 120 | Q51: 118.3 | R51: 116.8 | S51: 112.9 | T51: 116.2 | U51: 114.3 | V51: 111.1 | W51: 114.1 | X51: 111.2 | Y51: 111.3 | Z51: 111.5 | AA51: 112.9 | AB51: 109.3 | AC51: 111.7 | AD51: 115.6
A52: Rural+Urban | B52: 2014 | C52: May | D52: 121.1 | E52: 121.6 | F52: 115.9 | G52: 118.4 | H52: 107.7 | I52: 127.7 | J52: 125 | K52: 111.9 | L52: 102.8 | M52: 113.4 | N52: 113.7 | O52: 120.4 | P52: 118.9 | Q52: 116.8 | R52: 118 | S52: 115.2 | T52: 117.6 | U52: 114.3 | V52: 112.5 | W52: 114.1 | X52: 111.8 | Y52: 111.3 | Z52: 111.2 | AA52: 113 | AB52: 109.1 | AC52: 111.8 | AD52: 115.8
A53: Rural | B53: 2014 | C53: June | D53: 120.7 | E53: 121.6 | F53: 116.1 | G53: 119.3 | H53: 110.3 | I53: 125.8 | J53: 129.3 | K53: 112.2 | L53: 103.6 | M53: 112.3 | N53: 114.9 | O53: 120.1 | P53: 119.5 | Q53: 117.3 | R53: 119.7 | S53: 117.3 | T53: 119.3 | V53: 114.4 | W53: 114.9 | X53: 112.8 | Y53: 112.2 | Z53: 111.4 | AA53: 114.3 | AB53: 108 | AC53: 112.3 | AD53: 117
A54: Urban | B54: 2014 | C54: June | D54: 123.1 | E54: 125.9 | F54: 115.4 | G54: 120.4 | H54: 103.4 | I54: 131.2 | J54: 137.5 | K54: 112.8 | L54: 101.4 | M54: 118.3 | N54: 113.2 | O54: 122.4 | P54: 122 | Q54: 119 | R54: 117.4 | S54: 113.2 | T54: 116.7 | U54: 113.9 | V54: 111.2 | W54: 114.3 | X54: 111.4 | Y54: 111.5 | Z54: 111.8 | AA54: 115.1 | AB54: 108.7 | AC54: 112.2 | AD54: 116.4
A55: Rural+Urban | B55: 2014 | C55: June | D55: 121.5 | E55: 123.1 | F55: 115.8 | G55: 119.7 | H55: 107.8 | I55: 128.3 | J55: 132.1 | K55: 112.4 | L55: 102.9 | M55: 114.3 | N55: 114.2 | O55: 121.2 | P55: 120.4 | Q55: 117.8 | R55: 118.8 | S55: 115.6 | T55: 118.3 | U55: 113.9 | V55: 113.2 | W55: 114.6 | X55: 112.3 | Y55: 111.8 | Z55: 111.6 | AA55: 114.8 | AB55: 108.3 | AC55: 112.3 | AD55: 116.7
A56: Rural | B56: 2014 | C56: July | D56: 121.7 | E56: 122.5 | F56: 117.7 | G56: 120.6 | H56: 110.4 | I56: 129.1 | J56: 150.1 | K56: 113.2 | L56: 104.8 | M56: 113.3 | N56: 115.6 | O56: 120.9 | P56: 123.3 | Q56: 118 | R56: 120.7 | S56: 118.3 | T56: 120.3 | V56: 115.3 | W56: 115.4 | X56: 113.4 | Y56: 113.2 | Z56: 111.8 | AA56: 115.5 | AB56: 108.8 | AC56: 113.1 | AD56: 119.5
A57: Urban | B57: 2014 | C57: July | D57: 123.8 | E57: 126.4 | F57: 118 | G57: 121.6 | H57: 103.5 | I57: 133.7 | J57: 172.4 | K57: 113.1 | L57: 102.7 | M57: 120 | N57: 113.8 | O57: 123.4 | P57: 127.1 | Q57: 121 | R57: 118 | S57: 113.6 | T57: 117.4 | U57: 114.8 | V57: 111.6 | W57: 114.9 | X57: 111.5 | Y57: 113 | Z57: 112.4 | AA57: 117.8 | AB57: 109.7 | AC57: 113.5 | AD57: 118.9
A58: Rural+Urban | B58: 2014 | C58: July | D58: 122.4 | E58: 123.9 | F58: 117.8 | G58: 121 | H58: 107.9 | I58: 131.2 | J58: 157.7 | K58: 113.2 | L58: 104.1 | M58: 115.5 | N58: 114.8 | O58: 122.1 | P58: 124.7 | Q58: 118.8 | R58: 119.6 | S58: 116.3 | T58: 119.1 | U58: 114.8 | V58: 113.9 | W58: 115.2 | X58: 112.7 | Y58: 113.1 | Z58: 112.1 | AA58: 116.8 | AB58: 109.2 | AC58: 113.3 | AD58: 119.2
A59: Rural | B59: 2014 | C59: August | D59: 121.8 | E59: 122.8 | F59: 117.8 | G59: 121.9 | H59: 110.6 | I59: 129.7 | J59: 161.1 | K59: 114.1 | L59: 105.1 | M59: 114.6 | N59: 115.8 | O59: 121.7 | P59: 125.3 | Q59: 118.8 | R59: 120.9 | S59: 118.8 | T59: 120.7 | V59: 115.4 | W59: 115.9 | X59: 114 | Y59: 113.2 | Z59: 112.2 | AA59: 116.2 | AB59: 109.4 | AC59: 113.5 | AD59: 120.7
A60: Urban | B60: 2014 | C60: August | D60: 124.8 | E60: 127.3 | F60: 116.5 | G60: 122.2 | H60: 103.6 | I60: 132.7 | J60: 181.9 | K60: 115.2 | L60: 102.7 | M60: 122.1 | N60: 114.4 | O60: 124.7 | P60: 128.9 | Q60: 123 | R60: 118.6 | S60: 114.1 | T60: 117.9 | U60: 115.5 | V60: 111.8 | W60: 115.3 | X60: 112.2 | Y60: 112.5 | Z60: 112.9 | AA60: 119.2 | AB60: 110.5 | AC60: 113.9 | AD60: 119.9
A61: Rural+Urban | B61: 2014 | C61: August | D61: 122.7 | E61: 124.4 | F61: 117.3 | G61: 122 | H61: 108 | I61: 131.1 | J61: 168.2 | K61: 114.5 | L61: 104.3 | M61: 117.1 | N61: 115.2 | O61: 123.1 | P61: 126.6 | Q61: 119.9 | R61: 120 | S61: 116.8 | T61: 119.6 | U61: 115.5 | V61: 114 | W61: 115.6 | X61: 113.3 | Y61: 112.8 | Z61: 112.6 | AA61: 118 | AB61: 109.9 | AC61: 113.7 | AD61: 120.3
A62: Rural | B62: 2014 | C62: September | D62: 122.3 | E62: 122.4 | F62: 117.8 | G62: 122.7 | H62: 110.4 | I62: 129.8 | J62: 158.8 | K62: 115 | L62: 104.7 | M62: 114.9 | N62: 116.5 | O62: 122.6 | P62: 125.3 | Q62: 119.5 | R62: 121.7 | S62: 119.2 | T62: 121.3 | V62: 115.8 | W62: 116.7 | X62: 114.5 | Y62: 112.8 | Z62: 112.6 | AA62: 116.6 | AB62: 109.1 | AC62: 113.7 | AD62: 120.9
A63: Urban | B63: 2014 | C63: September | D63: 124.2 | E63: 125.4 | F63: 116.4 | G63: 122.7 | H63: 103.5 | I63: 124.5 | J63: 168.6 | K63: 116.9 | L63: 101.9 | M63: 122.9 | N63: 114.8 | O63: 125.2 | P63: 126.7 | Q63: 124.3 | R63: 119.2 | S63: 114.5 | T63: 118.4 | U63: 116.1 | V63: 111.8 | W63: 115.5 | X63: 112.3 | Y63: 111.2 | Z63: 113.4 | AA63: 120 | AB63: 110 | AC63: 113.6 | AD63: 119.2
A64: Rural+Urban | B64: 2014 | C64: September | D64: 122.9 | E64: 123.5 | F64: 117.3 | G64: 122.7 | H64: 107.9 | I64: 127.3 | J64: 162.1 | K64: 115.6 | L64: 103.8 | M64: 117.6 | N64: 115.8 | O64: 123.8 | P64: 125.8 | Q64: 120.8 | R64: 120.7 | S64: 117.2 | T64: 120.1 | U64: 116.1 | V64: 114.3 | W64: 116.1 | X64: 113.7 | Y64: 112 | Z64: 113.1 | AA64: 118.6 | AB64: 109.5 | AC64: 113.7 | AD64: 120.1
A65: Rural | B65: 2014 | C65: October | D65: 122.6 | E65: 122.5 | F65: 118.3 | G65: 123.2 | H65: 110.5 | I65: 128.9 | J65: 155.3 | K65: 115.5 | L65: 104 | M65: 115.3 | N65: 116.8 | O65: 123.2 | P65: 125.1 | Q65: 120 | R65: 122.7 | S65: 120.3 | T65: 122.3 | V65: 116.4 | W65: 117.5 | X65: 115.3 | Y65: 112.6 | Z65: 113 | AA65: 116.9 | AB65: 109.3 | AC65: 114 | AD65: 121
A66: Urban | B66: 2014 | C66: October | D66: 124.6 | E66: 126.1 | F66: 117.8 | G66: 123.1 | H66: 103.5 | I66: 123.5 | J66: 159.6 | K66: 117.4 | L66: 101.2 | M66: 123.8 | N66: 115.2 | O66: 125.9 | P66: 125.8 | Q66: 124.3 | R66: 119.6 | S66: 114.9 | T66: 118.9 | U66: 116.7 | V66: 112 | W66: 115.8 | X66: 112.6 | Y66: 111 | Z66: 113.6 | AA66: 120.2 | AB66: 110.1 | AC66: 113.7 | AD66: 119.1
A67: Rural+Urban | B67: 2014 | C67: October | D67: 123.2 | E67: 123.8 | F67: 118.1 | G67: 123.2 | H67: 107.9 | I67: 126.4 | J67: 156.8 | K67: 116.1 | L67: 103.1 | M67: 118.1 | N67: 116.1 | O67: 124.5 | P67: 125.4 | Q67: 121.1 | R67: 121.5 | S67: 118.1 | T67: 121 | U67: 116.7 | V67: 114.7 | W67: 116.7 | X67: 114.3 | Y67: 111.8 | Z67: 113.3 | AA67: 118.8 | AB67: 109.6 | AC67: 113.9 | AD67: 120.1
A68: Rural | B68: 2014 | C68: November | D68: 122.7 | E68: 122.6 | F68: 119.9 | G68: 124 | H68: 110.5 | I68: 128.8 | J68: 152 | K68: 116.2 | L68: 103.3 | M68: 115.8 | N68: 116.8 | O68: 124.5 | P68: 124.9 | Q68: 120.8 | R68: 123.3 | S68: 120.5 | T68: 122.9 | V68: 117.3 | W68: 118.1 | X68: 115.9 | Y68: 112 | Z68: 113.3 | AA68: 117.2 | AB68: 108.8 | AC68: 114.1 | AD68: 121.1
A69: Urban | B69: 2014 | C69: November | D69: 124.5 | E69: 125.6 | F69: 122.7 | G69: 124.6 | H69: 103.2 | I69: 122.2 | J69: 153.2 | K69: 119.3 | L69: 99.8 | M69: 124.6 | N69: 115.8 | O69: 126.9 | P69: 125.4 | Q69: 125.8 | R69: 120.3 | S69: 115.4 | T69: 119.5 | U69: 117.1 | V69: 112.6 | W69: 116.4 | X69: 113 | Y69: 109.7 | Z69: 114 | AA69: 120.3 | AB69: 109.6 | AC69: 113.4 | AD69: 119
A70: Rural+Urban | B70: 2014 | C70: November | D70: 123.3 | E70: 123.7 | F70: 121 | G70: 124.2 | H70: 107.8 | I70: 125.7 | J70: 152.4 | K70: 117.2 | L70: 102.1 | M70: 118.7 | N70: 116.4 | O70: 125.6 | P70: 125.1 | Q70: 122.1 | R70: 122.1 | S70: 118.4 | T70: 121.6 | U70: 117.1 | V70: 115.5 | W70: 117.3 | X70: 114.8 | Y70: 110.8 | Z70: 113.7 | AA70: 119 | AB70: 109.1 | AC70: 113.8 | AD70: 120.1
A71: Rural | B71: 2014 | C71: December | D71: 122.4 | E71: 122.4 | F71: 121.8 | G71: 124.2 | H71: 110.2 | I71: 128.6 | J71: 140.3 | K71: 116.3 | L71: 102 | M71: 116 | N71: 117.3 | O71: 124.8 | P71: 123.3 | Q71: 121.7 | R71: 123.8 | S71: 120.6 | T71: 123.3 | V71: 117.4 | W71: 118.2 | X71: 116.2 | Y71: 111.5 | Z71: 113.3 | AA71: 117.7 | AB71: 109.4 | AC71: 114.2 | AD71: 120.3
A72: Urban | B72: 2014 | C72: December | D72: 124 | E72: 124.7 | F72: 126.3 | G72: 124.9 | H72: 103 | I72: 122.3 | J72: 141 | K72: 120.1 | L72: 97.8 | M72: 125.4 | N72: 116.1 | O72: 127.6 | P72: 124 | Q72: 126.4 | R72: 120.7 | S72: 115.8 | T72: 120 | U72: 116.5 | V72: 113 | W72: 116.8 | X72: 113.2 | Y72: 108.8 | Z72: 114.3 | AA72: 120.7 | AB72: 110.4 | AC72: 113.4 | AD72: 118.4
A73: Rural+Urban | B73: 2014 | C73: December | D73: 122.9 | E73: 123.2 | F73: 123.5 | G73: 124.5 | H73: 107.6 | I73: 125.7 | J73: 140.5 | K73: 117.6 | L73: 100.6 | M73: 119.1 | N73: 116.8 | O73: 126.1 | P73: 123.6 | Q73: 123 | R73: 122.6 | S73: 118.6 | T73: 122 | U73: 116.5 | V73: 115.7 | W73: 117.5 | X73: 115.1 | Y73: 110.1 | Z73: 113.9 | AA73: 119.5 | AB73: 109.8 | AC73: 113.8 | AD73: 119.4
A74: Rural | B74: 2015 | C74: January | D74: 123.1 | E74: 123.1 | F74: 122.1 | G74: 124.9 | H74: 111 | I74: 130.4 | J74: 132.3 | K74: 117.2 | L74: 100.5 | M74: 117.2 | N74: 117.9 | O74: 125.6 | P74: 122.8 | Q74: 122.7 | R74: 124.4 | S74: 121.6 | T74: 124 | V74: 118.4 | W74: 118.9 | X74: 116.6 | Y74: 111 | Z74: 114 | AA74: 118.2 | AB74: 110.2 | AC74: 114.5 | AD74: 120.3
A75: Urban | B75: 2015 | C75: January | D75: 124 | E75: 125.5 | F75: 126.6 | G75: 125.2 | H75: 104.3 | I75: 121.3 | J75: 134.4 | K75: 122.9 | L75: 96.1 | M75: 126.6 | N75: 116.5 | O75: 128 | P75: 123.5 | Q75: 127.4 | R75: 121 | S75: 116.1 | T75: 120.2 | U75: 117.3 | V75: 113.4 | W75: 117.2 | X75: 113.7 | Y75: 107.9 | Z75: 114.6 | AA75: 120.8 | AB75: 111.4 | AC75: 113.4 | AD75: 118.5
A76: Rural+Urban | B76: 2015 | C76: January | D76: 123.4 | E76: 123.9 | F76: 123.8 | G76: 125 | H76: 108.5 | I76: 126.2 | J76: 133 | K76: 119.1 | L76: 99 | M76: 120.3 | N76: 117.3 | O76: 126.7 | P76: 123.1 | Q76: 124 | R76: 123.1 | S76: 119.3 | T76: 122.5 | U76: 117.3 | V76: 116.5 | W76: 118.1 | X76: 115.5 | Y76: 109.4 | Z76: 114.3 | AA76: 119.7 | AB76: 110.7 | AC76: 114 | AD76: 119.5
A77: Rural | B77: 2015 | C77: February | D77: 123.4 | E77: 124.4 | F77: 122.1 | G77: 125.8 | H77: 111.5 | I77: 129.4 | J77: 128.2 | K77: 118.8 | L77: 100 | M77: 118.6 | N77: 118.8 | O77: 126.8 | P77: 122.8 | Q77: 124.2 | R77: 125.4 | S77: 122.7 | T77: 125 | V77: 120 | W77: 119.6 | X77: 117.7 | Y77: 110.9 | Z77: 114.8 | AA77: 118.7 | AB77: 110.8 | AC77: 115 | AD77: 120.6
A78: Urban | B78: 2015 | C78: February | D78: 124.3 | E78: 126.5 | F78: 119.5 | G78: 125.6 | H78: 104.9 | I78: 121.6 | J78: 131.8 | K78: 125.1 | L78: 95 | M78: 127.7 | N78: 116.8 | O78: 128.6 | P78: 123.7 | Q78: 128.1 | R78: 121.3 | S78: 116.5 | T78: 120.6 | U78: 118.1 | V78: 114 | W78: 117.7 | X78: 114.1 | Y78: 106.8 | Z78: 114.9 | AA78: 120.4 | AB78: 111.7 | AC78: 113.2 | AD78: 118.7
A79: Rural+Urban | B79: 2015 | C79: February | D79: 123.7 | E79: 125.1 | F79: 121.1 | G79: 125.7 | H79: 109.1 | I79: 125.8 | J79: 129.4 | K79: 120.9 | L79: 98.3 | M79: 121.6 | N79: 118 | O79: 127.6 | P79: 123.1 | Q79: 125.2 | R79: 123.8 | S79: 120.1 | T79: 123.3 | U79: 118.1 | V79: 117.7 | W79: 118.7 | X79: 116.3 | Y79: 108.7 | Z79: 114.9 | AA79: 119.7 | AB79: 111.2 | AC79: 114.1 | AD79: 119.7
A80: Rural | B80: 2015 | C80: March | D80: 123.3 | E80: 124.7 | F80: 118.9 | G80: 126 | H80: 111.8 | I80: 130.9 | J80: 128 | K80: 119.9 | L80: 98.9 | M80: 119.4 | N80: 118.9 | O80: 127.7 | P80: 123.1 | Q80: 124.7 | R80: 126 | S80: 122.9 | T80: 125.5 | V80: 120.6 | W80: 120.2 | X80: 118.2 | Y80: 111.6 | Z80: 115.5 | AA80: 119.4 | AB80: 110.8 | AC80: 115.5 | AD80: 121.1
A81: Urban | B81: 2015 | C81: March | D81: 124 | E81: 126.7 | F81: 113.5 | G81: 125.9 | H81: 104.8 | I81: 123.8 | J81: 131.4 | K81: 127.2 | L81: 93.2 | M81: 127.4 | N81: 117 | O81: 129.2 | P81: 123.9 | Q81: 128.8 | R81: 121.7 | S81: 116.9 | T81: 120.9 | U81: 118.6 | V81: 114.4 | W81: 118 | X81: 114.3 | Y81: 108.4 | Z81: 115.4 | AA81: 120.6 | AB81: 111.3 | AC81: 113.8 | AD81: 119.1
A82: Rural+Urban | B82: 2015 | C82: March | D82: 123.5 | E82: 125.4 | F82: 116.8 | G82: 126 | H82: 109.2 | I82: 127.6 | J82: 129.2 | K82: 122.4 | L82: 97 | M82: 122.1 | N82: 118.1 | O82: 128.4 | P82: 123.4 | Q82: 125.8 | R82: 124.3 | S82: 120.4 | T82: 123.7 | U82: 118.6 | V82: 118.3 | W82: 119.2 | X82: 116.7 | Y82: 109.9 | Z82: 115.4 | AA82: 120.1 | AB82: 111 | AC82: 114.7 | AD82: 120.2
A83: Rural | B83: 2015 | C83: April | D83: 123.3 | E83: 125.5 | F83: 117.2 | G83: 126.8 | H83: 111.9 | I83: 134.2 | J83: 127.5 | K83: 121.5 | L83: 97.8 | M83: 119.8 | N83: 119.4 | O83: 128.7 | P83: 123.6 | Q83: 125.7 | R83: 126.4 | S83: 123.3 | T83: 126 | V83: 121.2 | W83: 120.9 | X83: 118.6 | Y83: 111.9 | Z83: 116.2 | AA83: 119.9 | AB83: 111.6 | AC83: 116 | AD83: 121.5
A84: Urban | B84: 2015 | C84: April | D84: 123.8 | E84: 128.2 | F84: 110 | G84: 126.3 | H84: 104.5 | I84: 130.6 | J84: 130.8 | K84: 131.3 | L84: 91.6 | M84: 127.7 | N84: 117.2 | O84: 129.5 | P84: 124.6 | Q84: 130.1 | R84: 122.1 | S84: 117.2 | T84: 121.3 | U84: 119.2 | V84: 114.7 | W84: 118.4 | X84: 114.6 | Y84: 108.4 | Z84: 115.6 | AA84: 121.7 | AB84: 111.8 | AC84: 114.2 | AD84: 119.7
A85: Rural+Urban | B85: 2015 | C85: April | D85: 123.5 | E85: 126.4 | F85: 114.4 | G85: 126.6 | H85: 109.2 | I85: 132.5 | J85: 128.6 | K85: 124.8 | L85: 95.7 | M85: 122.4 | N85: 118.5 | O85: 129.1 | P85: 124 | Q85: 126.9 | R85: 124.7 | S85: 120.8 | T85: 124.1 | U85: 119.2 | V85: 118.7 | W85: 119.7 | X85: 117.1 | Y85: 110.1 | Z85: 115.9 | AA85: 121 | AB85: 111.7 | AC85: 115.1 | AD85: 120.7
A86: Rural | B86: 2015 | C86: May | D86: 123.5 | E86: 127.1 | F86: 117.3 | G86: 127.7 | H86: 112.5 | I86: 134.1 | J86: 128.5 | K86: 124.3 | L86: 97.6 | M86: 120.7 | N86: 120.2 | O86: 129.8 | P86: 124.4 | Q86: 126.7 | R86: 127.3 | S86: 124.1 | T86: 126.8 | V86: 121.9 | W86: 121.5 | X86: 119.4 | Y86: 113.3 | Z86: 116.7 | AA86: 120.5 | AB86: 112.3 | AC86: 116.9 | AD86: 122.4
A87: Urban | B87: 2015 | C87: May | D87: 123.8 | E87: 129.7 | F87: 111.3 | G87: 126.6 | H87: 105.2 | I87: 130.8 | J87: 135.6 | K87: 142.6 | L87: 90.8 | M87: 128.8 | N87: 117.7 | O87: 129.9 | P87: 126.1 | Q87: 131.3 | R87: 122.4 | S87: 117.4 | T87: 121.6 | U87: 119.6 | V87: 114.9 | W87: 118.7 | X87: 114.9 | Y87: 110.8 | Z87: 116 | AA87: 122 | AB87: 112.4 | AC87: 115.2 | AD87: 120.7
A88: Rural+Urban | B88: 2015 | C88: May | D88: 123.6 | E88: 128 | F88: 115 | G88: 127.3 | H88: 109.8 | I88: 132.6 | J88: 130.9 | K88: 130.5 | L88: 95.3 | M88: 123.4 | N88: 119.2 | O88: 129.8 | P88: 125 | Q88: 127.9 | R88: 125.4 | S88: 121.3 | T88: 124.7 | U88: 119.6 | V88: 119.2 | W88: 120.2 | X88: 117.7 | Y88: 112 | Z88: 116.3 | AA88: 121.4 | AB88: 112.3 | AC88: 116.1 | AD88: 121.6
A89: Rural | B89: 2015 | C89: June | D89: 124.1 | E89: 130.4 | F89: 122.1 | G89: 128.7 | H89: 114.1 | I89: 133.2 | J89: 135.2 | K89: 131.9 | L89: 96.3 | M89: 123 | N89: 121.1 | O89: 131.2 | P89: 126.6 | Q89: 128.2 | R89: 128.4 | S89: 125.1 | T89: 128 | V89: 122.6 | W89: 122.8 | X89: 120.4 | Y89: 114.2 | Z89: 117.9 | AA89: 122 | AB89: 113 | AC89: 117.9 | AD89: 124.1
A90: Urban | B90: 2015 | C90: June | D90: 123.6 | E90: 134.4 | F90: 120.9 | G90: 127.3 | H90: 106 | I90: 132.3 | J90: 146.7 | K90: 148.1 | L90: 89.8 | M90: 130.5 | N90: 118 | O90: 130.5 | P90: 128.5 | Q90: 132.1 | R90: 123.2 | S90: 117.6 | T90: 122.3 | U90: 119 | V90: 115.1 | W90: 119.2 | X90: 115.4 | Y90: 111.7 | Z90: 116.2 | AA90: 123.8 | AB90: 112.5 | AC90: 116 | AD90: 121.7
A91: Rural+Urban | B91: 2015 | C91: June | D91: 123.9 | E91: 131.8 | F91: 121.6 | G91: 128.2 | H91: 111.1 | I91: 132.8 | J91: 139.1 | K91: 137.4 | L91: 94.1 | M91: 125.5 | N91: 119.8 | O91: 130.9 | P91: 127.3 | Q91: 129.2 | R91: 126.4 | S91: 122 | T91: 125.7 | U91: 119 | V91: 119.8 | W91: 121.1 | X91: 118.5 | Y91: 112.9 | Z91: 116.9 | AA91: 123.1 | AB91: 112.8 | AC91: 117 | AD91: 123
A92: Rural | B92: 2015 | C92: July | D92: 124 | E92: 131.5 | F92: 122 | G92: 128.7 | H92: 113.5 | I92: 133.3 | J92: 140.8 | K92: 133.8 | L92: 94.1 | M92: 123.4 | N92: 121 | O92: 131.7 | P92: 127.5 | Q92: 129.4 | R92: 128.8 | S92: 125.5 | T92: 128.3 | V92: 123 | W92: 123 | X92: 120.8 | Y92: 114.1 | Z92: 118 | AA92: 122.9 | AB92: 112.7 | AC92: 118.1 | AD92: 124.7
A93: Urban | B93: 2015 | C93: July | D93: 123.2 | E93: 134.3 | F93: 119.5 | G93: 127.7 | H93: 106.3 | I93: 132.8 | J93: 153.5 | K93: 149.5 | L93: 85.7 | M93: 131.5 | N93: 118.3 | O93: 131.1 | P93: 129.5 | Q93: 133.1 | R93: 123.5 | S93: 117.9 | T93: 122.7 | U93: 119.9 | V93: 115.3 | W93: 119.5 | X93: 116 | Y93: 111.5 | Z93: 116.6 | AA93: 125.4 | AB93: 111.7 | AC93: 116.3 | AD93: 122.4
A94: Rural+Urban | B94: 2015 | C94: July | D94: 123.7 | E94: 132.5 | F94: 121 | G94: 128.3 | H94: 110.9 | I94: 133.1 | J94: 145.1 | K94: 139.1 | L94: 91.3 | M94: 126.1 | N94: 119.9 | O94: 131.4 | P94: 128.2 | Q94: 130.4 | R94: 126.7 | S94: 122.3 | T94: 126.1 | U94: 119.9 | V94: 120.1 | W94: 121.3 | X94: 119 | Y94: 112.7 | Z94: 117.2 | AA94: 124.4 | AB94: 112.3 | AC94: 117.2 | AD94: 123.6
A95: Rural | B95: 2015 | C95: August | D95: 124.7 | E95: 131.3 | F95: 121.3 | G95: 128.8 | H95: 114 | I95: 134.2 | J95: 153.6 | K95: 137.9 | L95: 93.1 | M95: 123.9 | N95: 121.5 | O95: 132.5 | P95: 129.8 | Q95: 130.1 | R95: 129.5 | S95: 126.3 | T95: 129 | V95: 123.8 | W95: 123.7 | X95: 121.1 | Y95: 113.6 | Z95: 118.5 | AA95: 123.6 | AB95: 112.5 | AC95: 118.2 | AD95: 126.1
A96: Urban | B96: 2015 | C96: August | D96: 123.1 | E96: 131.7 | F96: 118.1 | G96: 128 | H96: 106.8 | I96: 130.1 | J96: 165.5 | K96: 156 | L96: 85.3 | M96: 132.7 | N96: 118.8 | O96: 131.7 | P96: 131.1 | Q96: 134.2 | R96: 123.7 | S96: 118.2 | T96: 122.9 | U96: 120.9 | V96: 115.3 | W96: 120 | X96: 116.6 | Y96: 109.9 | Z96: 117.2 | AA96: 126.2 | AB96: 112 | AC96: 116.2 | AD96: 123.2
A97: Rural+Urban | B97: 2015 | C97: August | D97: 124.2 | E97: 131.4 | F97: 120.1 | G97: 128.5 | H97: 111.4 | I97: 132.3 | J97: 157.6 | K97: 144 | L97: 90.5 | M97: 126.8 | N97: 120.4 | O97: 132.1 | P97: 130.3 | Q97: 131.2 | R97: 127.2 | S97: 122.9 | T97: 126.6 | U97: 120.9 | V97: 120.6 | W97: 122 | X97: 119.4 | Y97: 111.7 | Z97: 117.8 | AA97: 125.1 | AB97: 112.3 | AC97: 117.2 | AD97: 124.8
A98: Rural | B98: 2015 | C98: September | D98: 125.1 | E98: 131.1 | F98: 120.7 | G98: 129.2 | H98: 114.7 | I98: 132.3 | J98: 158.9 | K98: 142.1 | L98: 92.5 | M98: 125.4 | N98: 121.9 | O98: 132.7 | P98: 131 | Q98: 131 | R98: 130.4 | S98: 126.8 | T98: 129.9 | V98: 123.7 | W98: 124.5 | X98: 121.4 | Y98: 113.8 | Z98: 119.6 | AA98: 124.5 | AB98: 113.7 | AC98: 118.8 | AD98: 127
A99: Urban | B99: 2015 | C99: September | D99: 123.4 | E99: 129 | F99: 115.6 | G99: 128.3 | H99: 107 | I99: 124 | J99: 168.5 | K99: 165.4 | L99: 86.3 | M99: 134.4 | N99: 119.1 | O99: 132.3 | P99: 131.5 | Q99: 134.7 | R99: 124 | S99: 118.6 | T99: 123.2 | U99: 121.6 | V99: 115.1 | W99: 120.4 | X99: 117.1 | Y99: 109.1 | Z99: 117.3 | AA99: 126.5 | AB99: 112.9 | AC99: 116.2 | AD99: 123.5
A100: Rural+Urban | B100: 2015 | C100: September | D100: 124.6 | E100: 130.4 | F100: 118.7 | G100: 128.9 | H100: 111.9 | I100: 128.4 | J100: 162.2 | K100: 150 | L100: 90.4 | M100: 128.4 | N100: 120.7 | O100: 132.5 | P100: 131.2 | Q100: 132 | R100: 127.9 | S100: 123.4 | T100: 127.2 | U100: 121.6 | V100: 120.4 | W100: 122.6 | X100: 119.8 | Y100: 111.3 | Z100: 118.3 | AA100: 125.7 | AB100: 113.4 | AC100: 117.5 | AD100: 125.4
...

Sheet Working sheet
A1: Sector | B1: Year | C1: Month | D1: Cereals and products | E1: Meat and fish | F1: Egg | G1: Milk and products | H1: Oils and fats | I1: Fruits | J1: Vegetables | K1: Pulses and products | L1: Sugar and Confectionery | M1: Spices | N1: Non-alcoholic beverages | O1: Prepared meals, scks, sweets etc. | P1: Food and beverages | Q1: Pan, tobacco and intoxicants | R1: Clothing | S1: Footwear | T1: Clothing and footwear | U1: Housing | V1: Fuel and light | W1: Household goods and services | X1: Health | Y1: Transport and communication | Z1: Recreation and amusement | AA1: Education | AB1: Persol care and effects | AC1: Miscellaneous | AD1: General index | AF1: Food & Beverages | AG1: Pan, Tobacco & Intoxicants | AH1: Clothing & Footwear | AI1: Housing | AJ1: Fuel & Light | AK1: Miscellaneous
A2: Rural | B2: 2013 | C2: January | D2: 107.5 | E2: 106.3 | F2: 108.1 | G2: 104.9 | H2: 106.1 | I2: 103.9 | J2: 101.9 | K2: 106.1 | L2: 106.8 | M2: 103.1 | N2: 104.8 | O2: 106.7 | P2: 105.5 | Q2: 105.1 | R2: 106.5 | S2: 105.8 | T2: 106.4 | U2: 100.4 | V2: 105.5 | W2: 104.8 | X2: 104 | Y2: 103.3 | Z2: 103.4 | AA2: 103.8 | AB2: 104.7 | AC2: 104 | AD2: 105.1 | AF2: =SUM('Working sheet'!$D2:$P2) -> 1371.7 | AG2: =SUM('Working sheet'!$Q2) -> 105.1 | AH2: =SUM('Working sheet'!$R2:$T2) -> 318.7 | AI2: =SUM('Working sheet'!$U2) -> 100.4 | AJ2: =SUM('Working sheet'!$V2) -> 105.5 | AK2: =SUM('Working sheet'!$W2:$AC2) -> 728
A3: Urban | B3: 2013 | C3: January | D3: 110.5 | E3: 109.1 | F3: 113 | G3: 103.6 | H3: 103.4 | I3: 102.3 | J3: 102.9 | K3: 105.8 | L3: 105.1 | M3: 101.8 | N3: 105.1 | O3: 107.9 | P3: 105.9 | Q3: 105.2 | R3: 105.9 | S3: 105 | T3: 105.8 | U3: 100.3 | V3: 105.4 | W3: 104.8 | X3: 104.1 | Y3: 103.2 | Z3: 102.9 | AA3: 103.5 | AB3: 104.3 | AC3: 103.7 | AD3: 104 | AF3: =SUM('Working sheet'!$D3:$P3) -> 1376.4 | AG3: =SUM('Working sheet'!$Q3) -> 105.2 | AH3: =SUM('Working sheet'!$R3:$T3) -> 316.7 | AI3: =SUM('Working sheet'!$U3) -> 100.3 | AJ3: =SUM('Working sheet'!$V3) -> 105.4 | AK3: =SUM('Working sheet'!$W3:$AC3) -> 726.5
A4: Rural+Urban | B4: 2013 | C4: January | D4: 108.4 | E4: 107.3 | F4: 110 | G4: 104.4 | H4: 105.1 | I4: 103.2 | J4: 102.2 | K4: 106 | L4: 106.2 | M4: 102.7 | N4: 104.9 | O4: 107.3 | P4: 105.6 | Q4: 105.1 | R4: 106.3 | S4: 105.5 | T4: 106.2 | U4: 100.3 | V4: 105.5 | W4: 104.8 | X4: 104 | Y4: 103.2 | Z4: 103.1 | AA4: 103.6 | AB4: 104.5 | AC4: 103.9 | AD4: 104.6 | AF4: =SUM('Working sheet'!$D4:$P4) -> 1373.3 | AG4: =SUM('Working sheet'!$Q4) -> 105.1 | AH4: =SUM('Working sheet'!$R4:$T4) -> 318 | AI4: =SUM('Working sheet'!$U4) -> 100.3 | AJ4: =SUM('Working sheet'!$V4) -> 105.5 | AK4: =SUM('Working sheet'!$W4:$AC4) -> 727.1
A5: Rural | B5: 2013 | C5: February | D5: 109.2 | E5: 108.7 | F5: 110.2 | G5: 105.4 | H5: 106.7 | I5: 104 | J5: 102.4 | K5: 105.9 | L5: 105.7 | M5: 103.1 | N5: 105.1 | O5: 107.7 | P5: 106.3 | Q5: 105.6 | R5: 107.1 | S5: 106.3 | T5: 107 | U5: 100.4 | V5: 106.2 | W5: 105.2 | X5: 104.4 | Y5: 103.9 | Z5: 104 | AA5: 104.1 | AB5: 104.6 | AC5: 104.4 | AD5: 105.8 | AF5: =SUM('Working sheet'!$D5:$P5) -> 1380.4 | AG5: =SUM('Working sheet'!$Q5) -> 105.6 | AH5: =SUM('Working sheet'!$R5:$T5) -> 320.4 | AI5: =SUM('Working sheet'!$U5) -> 100.4 | AJ5: =SUM('Working sheet'!$V5) -> 106.2 | AK5: =SUM('Working sheet'!$W5:$AC5) -> 730.6
A6: Urban | B6: 2013 | C6: February | D6: 112.9 | E6: 112.9 | F6: 116.9 | G6: 104 | H6: 103.5 | I6: 103.1 | J6: 104.9 | K6: 104.1 | L6: 103.8 | M6: 102.3 | N6: 106 | O6: 109 | P6: 107.2 | Q6: 106 | R6: 106.6 | S6: 105.5 | T6: 106.4 | U6: 100.4 | V6: 105.7 | W6: 105.2 | X6: 104.7 | Y6: 104.4 | Z6: 103.3 | AA6: 103.7 | AB6: 104.3 | AC6: 104.3 | AD6: 104.7 | AF6: =SUM('Working sheet'!$D6:$P6) -> 1390.6 | AG6: =SUM('Working sheet'!$Q6) -> 106 | AH6: =SUM('Working sheet'!$R6:$T6) -> 318.5 | AI6: =SUM('Working sheet'!$U6) -> 100.4 | AJ6: =SUM('Working sheet'!$V6) -> 105.7 | AK6: =SUM('Working sheet'!$W6:$AC6) -> 729.9
A7: Rural+Urban | B7: 2013 | C7: February | D7: 110.4 | E7: 110.2 | F7: 112.8 | G7: 104.9 | H7: 105.5 | I7: 103.6 | J7: 103.2 | K7: 105.3 | L7: 105.1 | M7: 102.8 | N7: 105.5 | O7: 108.3 | P7: 106.6 | Q7: 105.7 | R7: 106.9 | S7: 106 | T7: 106.8 | U7: 100.4 | V7: 106 | W7: 105.2 | X7: 104.5 | Y7: 104.2 | Z7: 103.6 | AA7: 103.9 | AB7: 104.5 | AC7: 104.4 | AD7: 105.3 | AF7: =SUM('Working sheet'!$D7:$P7) -> 1384.2 | AG7: =SUM('Working sheet'!$Q7) -> 105.7 | AH7: =SUM('Working sheet'!$R7:$T7) -> 319.7 | AI7: =SUM('Working sheet'!$U7) -> 100.4 | AJ7: =SUM('Working sheet'!$V7) -> 106 | AK7: =SUM('Working sheet'!$W7:$AC7) -> 730.3
A8: Rural | B8: 2013 | C8: March | D8: 110.2 | E8: 108.8 | F8: 109.9 | G8: 105.6 | H8: 106.2 | I8: 105.7 | J8: 101.4 | K8: 105.7 | L8: 105 | M8: 103.3 | N8: 105.6 | O8: 108.2 | P8: 106.6 | Q8: 106.5 | R8: 107.6 | S8: 106.8 | T8: 107.5 | U8: 100.5 | V8: 106.1 | W8: 105.6 | X8: 104.7 | Y8: 104.6 | Z8: 104 | AA8: 104.3 | AB8: 104.3 | AC8: 104.6 | AD8: 106 | AF8: =SUM('Working sheet'!$D8:$P8) -> 1382.2 | AG8: =SUM('Working sheet'!$Q8) -> 106.5 | AH8: =SUM('Working sheet'!$R8:$T8) -> 321.9 | AI8: =SUM('Working sheet'!$U8) -> 100.5 | AJ8: =SUM('Working sheet'!$V8) -> 106.1 | AK8: =SUM('Working sheet'!$W8:$AC8) -> 732.1
A9: Urban | B9: 2013 | C9: March | D9: 113.9 | E9: 111.4 | F9: 113.2 | G9: 104.3 | H9: 102.7 | I9: 104.9 | J9: 103.8 | K9: 103.5 | L9: 102.6 | M9: 102.4 | N9: 107 | O9: 109.8 | P9: 107.3 | Q9: 106.8 | R9: 107.2 | S9: 106 | T9: 107 | U9: 100.4 | V9: 106 | W9: 105.7 | X9: 105.2 | Y9: 105.5 | Z9: 103.5 | AA9: 103.8 | AB9: 104.2 | AC9: 104.9 | AD9: 105 | AF9: =SUM('Working sheet'!$D9:$P9) -> 1386.8 | AG9: =SUM('Working sheet'!$Q9) -> 106.8 | AH9: =SUM('Working sheet'!$R9:$T9) -> 320.2 | AI9: =SUM('Working sheet'!$U9) -> 100.4 | AJ9: =SUM('Working sheet'!$V9) -> 106 | AK9: =SUM('Working sheet'!$W9:$AC9) -> 732.8
A10: Rural+Urban | B10: 2013 | C10: March | D10: 111.4 | E10: 109.7 | F10: 111.2 | G10: 105.1 | H10: 104.9 | I10: 105.3 | J10: 102.2 | K10: 105 | L10: 104.2 | M10: 103 | N10: 106.2 | O10: 108.9 | P10: 106.9 | Q10: 106.6 | R10: 107.4 | S10: 106.5 | T10: 107.3 | U10: 100.4 | V10: 106.1 | W10: 105.6 | X10: 104.9 | Y10: 105.1 | Z10: 103.7 | AA10: 104 | AB10: 104.3 | AC10: 104.7 | AD10: 105.5 | AF10: =SUM('Working sheet'!$D10:$P10) -> 1384 | AG10: =SUM('Working sheet'!$Q10) -> 106.6 | AH10: =SUM('Working sheet'!$R10:$T10) -> 321.2 | AI10: =SUM('Working sheet'!$U10) -> 100.4 | AJ10: =SUM('Working sheet'!$V10) -> 106.1 | AK10: =SUM('Working sheet'!$W10:$AC10) -> 732.3
A11: Rural | B11: 2013 | C11: April | D11: 110.2 | E11: 109.5 | F11: 106.9 | G11: 106.3 | H11: 105.7 | I11: 108.3 | J11: 103.4 | K11: 105.7 | L11: 104.2 | M11: 103.2 | N11: 106.5 | O11: 108.8 | P11: 107.1 | Q11: 107.1 | R11: 108.1 | S11: 107.4 | T11: 108 | U11: 100.5 | V11: 106.5 | W11: 106.1 | X11: 105.1 | Y11: 104.4 | Z11: 104.5 | AA11: 104.8 | AB11: 102.7 | AC11: 104.6 | AD11: 106.4 | AF11: =SUM('Working sheet'!$D11:$P11) -> 1385.8 | AG11: =SUM('Working sheet'!$Q11) -> 107.1 | AH11: =SUM('Working sheet'!$R11:$T11) -> 323.5 | AI11: =SUM('Working sheet'!$U11) -> 100.5 | AJ11: =SUM('Working sheet'!$V11) -> 106.5 | AK11: =SUM('Working sheet'!$W11:$AC11) -> 732.2
A12: Urban | B12: 2013 | C12: April | D12: 114.6 | E12: 113.4 | F12: 106 | G12: 104.7 | H12: 102.1 | I12: 109.5 | J12: 109.7 | K12: 104.6 | L12: 102 | M12: 103.5 | N12: 108.2 | O12: 110.6 | P12: 108.8 | Q12: 108.5 | R12: 107.9 | S12: 106.4 | T12: 107.7 | U12: 100.5 | V12: 106.4 | W12: 106.5 | X12: 105.7 | Y12: 105 | Z12: 104 | AA12: 105.2 | AB12: 103.2 | AC12: 105.1 | AD12: 105.7 | AF12: =SUM('Working sheet'!$D12:$P12) -> 1397.7 | AG12: =SUM('Working sheet'!$Q12) -> 108.5 | AH12: =SUM('Working sheet'!$R12:$T12) -> 322 | AI12: =SUM('Working sheet'!$U12) -> 100.5 | AJ12: =SUM('Working sheet'!$V12) -> 106.4 | AK12: =SUM('Working sheet'!$W12:$AC12) -> 734.7
A13: Rural+Urban | B13: 2013 | C13: April | D13: 111.6 | E13: 110.9 | F13: 106.6 | G13: 105.7 | H13: 104.4 | I13: 108.9 | J13: 105.5 | K13: 105.3 | L13: 103.5 | M13: 103.3 | N13: 107.2 | O13: 109.6 | P13: 107.7 | Q13: 107.5 | R13: 108 | S13: 107 | T13: 107.9 | U13: 100.5 | V13: 106.5 | W13: 106.3 | X13: 105.3 | Y13: 104.7 | Z13: 104.2 | AA13: 105 | AB13: 102.9 | AC13: 104.8 | AD13: 106.1 | AF13: =SUM('Working sheet'!$D13:$P13) -> 1390.2 | AG13: =SUM('Working sheet'!$Q13) -> 107.5 | AH13: =SUM('Working sheet'!$R13:$T13) -> 322.9 | AI13: =SUM('Working sheet'!$U13) -> 100.5 | AJ13: =SUM('Working sheet'!$V13) -> 106.5 | AK13: =SUM('Working sheet'!$W13:$AC13) -> 733.2
... A292: Rural+Urban | B292: 2021 | C292: February | D292: 144.3 | E292: 186.5 | F292: 168.7 | G292: 154.7 | H292: 158.7 | I292: 150.7 | J292: 160 | K292: 158.8 | L292: 112.8 | M292: 164.2 | N292: 155.5 | O292: 167.5 | P292: 156.9 | Q292: 188.3 | R292: 157.2 | S292: 147.4 | T292: 155.8 | U292: 159.8 | V292: 152.4 | W292: 150.9 | X292: 161.3 | Y292: 145.1 | Z292: 151.5 | AA292: 159.5 | AB292: 155.8 | AC292: 153.4 | AD292: 156.6 | AF292: =SUM('Working sheet'!$D292:$P292) -> 2039.3 | AG292: =SUM('Working sheet'!$Q292) -> 188.3 | AH292: =SUM('Working sheet'!$R292:$T292) -> 460.4 | AI292: =SUM('Working sheet'!$U292) -> 159.8 | AJ292: =SUM('Working sheet'!$V292) -> 152.4 | AK292: =SUM('Working sheet'!$W292:$AC292) -> 1077.5
A293: Rural | B293: 2021 | C293: March | D293: 142.5 | E293: 189.4 | F293: 163.2 | G293: 154.5 | H293: 168.2 | I293: 150.5 | J293: 141 | K293: 159.2 | L293: 111.7 | M293: 164 | N293: 160.6 | O293: 166.4 | P293: 154.5 | Q293: 186.1 | R293: 159.6 | S293: 154.4 | T293: 158.9 | U293: - | V293: 156 | W293: 154.8 | X293: 164.6 | Y293: 151.3 | Z293: 157.8 | AA293: 163.8 | AB293: 153.1 | AC293: 157.3 | AD293: 156.7 | AF293: =SUM('Working sheet'!$D293:$P293) -> 2025.7 | AG293: =SUM('Working sheet'!$Q293) -> 186.1 | AH293: =SUM('Working sheet'!$R293:$T293) -> 472.9 | AI293: =SUM('Working sheet'!$U293) -> 0 | AJ293: =SUM('Working sheet'!$V293) -> 156 | AK293: =SUM('Working sheet'!$W293:$AC293) -> 1102.7
A294: Urban | B294: 2021 | C294: March | D294: 147.5 | E294: 197.5 | F294: 164.7 | G294: 155.6 | H294: 156.4 | I294: 157.3 | J294: 166.1 | K294: 161.1 | L294: 114.3 | M294: 162.6 | N294: 150.7 | O294: 170.3 | P294: 160.4 | Q294: 193.5 | R294: 155.1 | S294: 138.7 | T294: 152.6 | U294: 159.9 | V294: 154.8 | W294: 147.2 | X294: 156.9 | Y294: 141.7 | Z294: 148.6 | AA294: 157.6 | AB294: 154.9 | AC294: 150 | AD294: 156.9 | AF294: =SUM('Working sheet'!$D294:$P294) -> 2064.5 | AG294: =SUM('Working sheet'!$Q294) -> 193.5 | AH294: =SUM('Working sheet'!$R294:$T294) -> 446.4 | AI294: =SUM('Working sheet'!$U294) -> 159.9 | AJ294: =SUM('Working sheet'!$V294) -> 154.8 | AK294: =SUM('Working sheet'!$W294:$AC294) -> 1056.9
A295: Rural+Urban | B295: 2021 | C295: March | D295: 144.1 | E295: 192.2 | F295: 163.8 | G295: 154.9 | H295: 163.9 | I295: 153.7 | J295: 149.5 | K295: 159.8 | L295: 112.6 | M295: 163.5 | N295: 156.5 | O295: 168.2 | P295: 156.7 | Q295: 188.1 | R295: 157.8 | S295: 147.9 | T295: 156.4 | U295: 159.9 | V295: 155.5 | W295: 151.2 | X295: 161.7 | Y295: 146.2 | Z295: 152.6 | AA295: 160.2 | AB295: 153.8 | AC295: 153.8 | AD295: 156.8 | AF295: =SUM('Working sheet'!$D295:$P295) -> 2039.4 | AG295: =SUM('Working sheet'!$Q295) -> 188.1 | AH295: =SUM('Working sheet'!$R295:$T295) -> 462.1 | AI295: =SUM('Working sheet'!$U295) -> 159.9 | AJ295: =SUM('Working sheet'!$V295) -> 155.5 | AK295: =SUM('Working sheet'!$W295:$AC295) -> 1079.5
A296: Rural | B296: 2021 | C296: April | D296: 142.7 | E296: 195.5 | F296: 163.4 | G296: 155 | H296: 175.2 | I296: 160.6 | J296: 135.1 | K296: 161.1 | L296: 112.2 | M296: 164.4 | N296: 161.9 | O296: 166.8 | P296: 155.6 | Q296: 186.8 | R296: 160.7 | S296: 155.1 | T296: 159.9 | U296: - | V296: 156 | W296: 155.5 | X296: 165.3 | Y296: 151.7 | Z296: 158.6 | AA296: 164.1 | AB296: 154.6 | AC296: 158 | AD296: 157.6 | AF296: =SUM('Working sheet'!$D296:$P296) -> 2049.5 | AG296: =SUM('Working sheet'!$Q296) -> 186.8 | AH296: =SUM('Working sheet'!$R296:$T296) -> 475.7 | AI296: =SUM('Working sheet'!$U296) -> 0 | AJ296: =SUM('Working sheet'!$V296) -> 156 | AK296: =SUM('Working sheet'!$W296:$AC296) -> 1107.8
A297: Urban | B297: 2021 | C297: April | D297: 147.6 | E297: 202.5 | F297: 166.4 | G297: 156 | H297: 161.4 | I297: 168.8 | J297: 161.6 | K297: 162.8 | L297: 114.8 | M297: 162.8 | N297: 151.5 | O297: 171.4 | P297: 162 | Q297: 194.4 | R297: 155.9 | S297: 139.3 | T297: 153.4 | U297: 161.4 | V297: 154.9 | W297: 147.6 | X297: 157.5 | Y297: 142.1 | Z297: 149.1 | AA297: 157.6 | AB297: 156.6 | AC297: 150.5 | AD297: 158 | AF297: =SUM('Working sheet'!$D297:$P297) -> 2089.6 | AG297: =SUM('Working sheet'!$Q297) -> 194.4 | AH297: =SUM('Working sheet'!$R297:$T297) -> 448.6 | AI297: =SUM('Working sheet'!$U297) -> 161.4 | AJ297: =SUM('Working sheet'!$V297) -> 154.9 | AK297: =SUM('Working sheet'!$W297:$AC297) -> 1061
A298: Rural+Urban | B298: 2021 | C298: April | D298: 144.3 | E298: 198 | F298: 164.6 | G298: 155.4 | H298: 170.1 | I298: 164.4 | J298: 144.1 | K298: 161.7 | L298: 113.1 | M298: 163.9 | N298: 157.6 | O298: 168.9 | P298: 158 | Q298: 188.8 | R298: 158.8 | S298: 148.5 | T298: 157.3 | U298: 161.4 | V298: 155.6 | W298: 151.8 | X298: 162.3 | Y298: 146.6 | Z298: 153.2 | AA298: 160.3 | AB298: 155.4 | AC298: 154.4 | AD298: 157.8 | AF298: =SUM('Working sheet'!$D298:$P298) -> 2064.1 | AG298: =SUM('Working sheet'!$Q298) -> 188.8 | AH298: =SUM('Working sheet'!$R298:$T298) -> 464.6 | AI298: =SUM('Working sheet'!$U298) -> 161.4 | AJ298: =SUM('Working sheet'!$V298) -> 155.6 | AK298: =SUM('Working sheet'!$W298:$AC298) -> 1084
A299: Rural | B299: 2021 | C299: May | D299: 145.1 | E299: 198.5 | F299: 168.6 | G299: 155.8 | H299: 184.4 | I299: 162.3 | J299: 138.4 | K299: 165.1 | L299: 114.3 | M299: 169.7 | N299: 164.6 | O299: 169.8 | P299: 158.7 | Q299: 189.6 | R299: 165.3 | S299: 160.6 | T299: 164.5 | U299: 161.1 | V299: 161.7 | W299: 158.8 | X299: 169.1 | Y299: 153.2 | Z299: 160 | AA299: 167.6 | AB299: 159.3 | AC299: 161.1 | AD299: 161.1 | AF299: =SUM('Working sheet'!$D299:$P299) -> 2095.3 | AG299: =SUM('Working sheet'!$Q299) -> 189.6 | AH299: =SUM('Working sheet'!$R299:$T299) -> 490.4 | AI299: =SUM('Working sheet'!$U299) -> 161.1 | AJ299: =SUM('Working sheet'!$V299) -> 161.7 | AK299: =SUM('Working sheet'!$W299:$AC299) -> 1129.1
A300: Urban | B300: 2021 | C300: May | D300: 148.8 | E300: 204.3 | F300: 173 | G300: 156.5 | H300: 168.8 | I300: 172.5 | J300: 166.5 | K300: 165.9 | L300: 115.9 | M300: 165.2 | N300: 152 | O300: 171.1 | P300: 164.2 | Q300: 198.2 | R300: 156.5 | S300: 140.2 | T300: 154.1 | U300: 161.6 | V300: 155.5 | W300: 150.1 | X300: 160.4 | Y300: 145 | Z300: 152.6 | AA300: 156.6 | AB300: 157.5 | AC300: 152.3 | AD300: 159.5 | AF300: =SUM('Working sheet'!$D300:$P300) -> 2124.7 | AG300: =SUM('Working sheet'!$Q300) -> 198.2 | AH300: =SUM('Working sheet'!$R300:$T300) -> 450.8 | AI300: =SUM('Working sheet'!$U300) -> 161.6 | AJ300: =SUM('Working sheet'!$V300) -> 155.5 | AK300: =SUM('Working sheet'!$W300:$AC300) -> 1074.5
A301: Rural+Urban | B301: 2021 | C301: May | D301: 146.3 | E301: 200.5 | F301: 170.3 | G301: 156.1 | H301: 178.7 | I301: 167.1 | J301: 147.9 | K301: 165.4 | L301: 114.8 | M301: 168.2 | N301: 159.3 | O301: 170.4 | P301: 160.7 | Q301: 191.9 | R301: 161.8 | S301: 152.1 | T301: 160.4 | U301: 161.6 | V301: 159.4 | W301: 154.7 | X301: 165.8 | Y301: 148.9 | Z301: 155.8 | AA301: 161.2 | AB301: 158.6 | AC301: 156.8 | AD301: 160.4 | AF301: =SUM('Working sheet'!$D301:$P301) -> 2105.7 | AG301: =SUM('Working sheet'!$Q301) -> 191.9 | AH301: =SUM('Working sheet'!$R301:$T301) -> 474.3 | AI301: =SUM('Working sheet'!$U301) -> 161.6 | AJ301: =SUM('Working sheet'!$V301) -> 159.4 | AK301: =SUM('Working sheet'!$W301:$AC301) -> 1101.8
A302: Rural | B302: 2021 | C302: June | D302: 145.6 | E302: 200.1 | F302: 179.3 | G302: 156.1 | H302: 190.4 | I302: 158.6 | J302: 144.7 | K302: 165.5 | L302: 114.6 | M302: 170 | N302: 165.5 | O302: 171.7 | P302: 160.5 | Q302: 189.1 | R302: 165.3 | S302: 159.9 | T302: 164.6 | U302: 161 | V302: 162.1 | W302: 159.2 | X302: 169.7 | Y302: 154.2 | Z302: 160.4 | AA302: 166.8 | AB302: 159.4 | AC302: 161.5 | AD302: 162.1 | AF302: =SUM('Working sheet'!$D302:$P302) -> 2122.6 | AG302: =SUM('Working sheet'!$Q302) -> 189.1 | AH302: =SUM('Working sheet'!$R302:$T302) -> 489.8 | AI302: =SUM('Working sheet'!$U302) -> 161 | AJ302: =SUM('Working sheet'!$V302) -> 162.1 | AK302: =SUM('Working sheet'!$W302:$AC302) -> 1131.2
A303: Urban | B303: 2021 | C303: June | D303: 149.2 | E303: 205.5 | F303: 182.8 | G303: 156.5 | H303: 172.2 | I303: 171.5 | J303: 176.2 | K303: 166.9 | L303: 116.1 | M303: 165.5 | N303: 152.3 | O303: 173.3 | P303: 166.2 | Q303: 195.6 | R303: 157.3 | S303: 140.5 | T303: 154.8 | U303: 160.5 | V303: 156.1 | W303: 149.8 | X303: 160.8 | Y303: 147.5 | Z303: 150.7 | AA303: 158.1 | AB303: 158 | AC303: 153.4 | AD303: 160.4 | AF303: =SUM('Working sheet'!$D303:$P303) -> 2154.2 | AG303: =SUM('Working sheet'!$Q303) -> 195.6 | AH303: =SUM('Working sheet'!$R303:$T303) -> 452.6 | AI303: =SUM('Working sheet'!$U303) -> 160.5 | AJ303: =SUM('Working sheet'!$V303) -> 156.1 | AK303: =SUM('Working sheet'!$W303:$AC303) -> 1078.3
A304: Rural+Urban | B304: 2021 | C304: June | D304: 146.7 | E304: 202 | F304: 180.7 | G304: 156.2 | H304: 183.7 | I304: 164.6 | J304: 155.4 | K304: 166 | L304: 115.1 | M304: 168.5 | N304: 160 | O304: 172.4 | P304: 162.6 | Q304: 190.8 | R304: 162.2 | S304: 151.8 | T304: 160.7 | U304: 160.5 | V304: 159.8 | W304: 154.8 | X304: 166.3 | Y304: 150.7 | Z304: 154.9 | AA304: 161.7 | AB304: 158.8 | AC304: 157.6 | AD304: 161.3 | AF304: =SUM('Working sheet'!$D304:$P304) -> 2133.9 | AG304: =SUM('Working sheet'!$Q304) -> 190.8 | AH304: =SUM('Working sheet'!$R304:$T304) -> 474.7 | AI304: =SUM('Working sheet'!$U304) -> 160.5 | AJ304: =SUM('Working sheet'!$V304) -> 159.8 | AK304: =SUM('Working sheet'!$W304:$AC304) -> 1104.8
A305: Rural | B305: 2021 | C305: July | D305: 145.1 | E305: 204.5 | F305: 180.4 | G305: 157.1 | H305: 188.7 | I305: 157.7 | J305: 152.8 | K305: 163.6 | L305: 113.9 | M305: 169.7 | N305: 166.2 | O305: 171 | P305: 161.7 | Q305: 189.7 | R305: 166 | S305: 161.1 | T305: 165.3 | U305: 161.8 | V305: 162.5 | W305: 160.3 | X305: 170.4 | Y305: 157.1 | Z305: 160.7 | AA305: 167.2 | AB305: 160.4 | AC305: 162.8 | AD305: 163.2 | AF305: =SUM('Working sheet'!$D305:$P305) -> 2132.4 | AG305: =SUM('Working sheet'!$Q305) -> 189.7 | AH305: =SUM('Working sheet'!$R305:$T305) -> 492.4 | AI305: =SUM('Working sheet'!$U305) -> 161.8 | AJ305: =SUM('Working sheet'!$V305) -> 162.5 | AK305: =SUM('Working sheet'!$W305:$AC305) -> 1138.9
A306: Urban | B306: 2021 | C306: July | D306: 149.1 | E306: 210.9 | F306: 185 | G306: 158.2 | H306: 170.6 | I306: 170.9 | J306: 186.4 | K306: 164.7 | L306: 115.7 | M306: 165.5 | N306: 153.4 | O306: 173.5 | P306: 167.9 | Q306: 195.5 | R306: 157.9 | S306: 141.9 | T306: 155.5 | U306: 161.5 | V306: 157.7 | W306: 150.7 | X306: 161.5 | Y306: 149.5 | Z306: 151.2 | AA306: 160.3 | AB306: 159.6 | AC306: 155 | AD306: 161.8 | AF306: =SUM('Working sheet'!$D306:$P306) -> 2171.8 | AG306: =SUM('Working sheet'!$Q306) -> 195.5 | AH306: =SUM('Working sheet'!$R306:$T306) -> 455.3 | AI306: =SUM('Working sheet'!$U306) -> 161.5 | AJ306: =SUM('Working sheet'!$V306) -> 157.7 | AK306: =SUM('Working sheet'!$W306:$AC306) -> 1087.8
A307: Rural+Urban | B307: 2021 | C307: July | D307: 146.4 | E307: 206.8 | F307: 182.2 | G307: 157.5 | H307: 182.1 | I307: 163.9 | J307: 164.2 | K307: 164 | L307: 114.5 | M307: 168.3 | N307: 160.9 | O307: 172.2 | P307: 164 | Q307: 191.2 | R307: 162.8 | S307: 153.1 | T307: 161.4 | U307: 161.5 | V307: 160.7 | W307: 155.8 | X307: 167 | Y307: 153.1 | Z307: 155.3 | AA307: 163.2 | AB307: 160.1 | AC307: 159 | AD307: 162.5 | AF307: =SUM('Working sheet'!$D307:$P307) -> 2147 | AG307: =SUM('Working sheet'!$Q307) -> 191.2 | AH307: =SUM('Working sheet'!$R307:$T307) -> 477.3 | AI307: =SUM('Working sheet'!$U307) -> 161.5 | AJ307: =SUM('Working sheet'!$V307) -> 160.7 | AK307: =SUM('Working sheet'!$W307:$AC307) -> 1113.5
A308: Rural | B308: 2021 | C308: August | D308: 144.9 | E308: 202.3 | F308: 176.5 | G308: 157.5 | H308: 190.9 | I308: 155.7 | J308: 153.9 | K308: 162.8 | L308: 115.2 | M308: 169.8 | N308: 167.6 | O308: 171.9 | P308: 161.8 | Q308: 190.2 | R308: 167 | S308: 162.6 | T308: 166.3 | U308: 162.1 | V308: 163.1 | W308: 160.9 | X308: 171.1 | Y308: 157.7 | Z308: 161.1 | AA308: 167.5 | AB308: 160.3 | AC308: 163.3 | AD308: 163.6 | AF308: =SUM('Working sheet'!$D308:$P308) -> 2130.8 | AG308: =SUM('Working sheet'!$Q308) -> 190.2 | AH308: =SUM('Working sheet'!$R308:$T308) -> 495.9 | AI308: =SUM('Working sheet'!$U308) -> 162.1 | AJ308: =SUM('Working sheet'!$V308) -> 163.1 | AK308: =SUM('Working sheet'!$W308:$AC308) -> 1141.9
... A373: Rural+Urban | B373: 2023 | C373: May | D373: 173.7 | E373: 214.3 | F373: 173.2 | G373: 179.5 | H373: 170 | I373: 172.2 | J373: 161 | K373: 175.6 | L373: 122.7 | M373: 218 | N373: 173.4 | O373: 194.2 | P373: 179.1 | Q373: 201 | R373: 187.3 | S373: 179.7 | T373: 186.2 | U373: 175.6 | V373: 182.8 | W373: 175.2 | X373: 185.7 | Y373: 164.8 | Z373: 171.2 | AA373: 177.1 | AB373: 185.2 | AC373: 175.7 | AD373: 179.1 | AF373: =SUM('Working sheet'!$D373:$P373) -> 2306.9 | AG373: =SUM('Working sheet'!$Q373) -> 201 | AH373: =SUM('Working sheet'!$R373:$T373) -> 553.2 | AI373: =SUM('Working sheet'!$U373) -> 175.6 | AJ373: =SUM('Working sheet'!$V373) -> 182.8 | AK373: =SUM('Working sheet'!$W373:$AC373) -> 1234.9
A376: 1 | B376: For DA-1, Unpivot all the broader categories in power query.
A377: 2 | B377: https://ppac.gov.in/prices/international-prices-of-crude-oil

Sheet Clean data
A1: Sector | B1: Year | C1: Month | D1: Food & Beverages | E1: Pan, Tobacco & Intoxicants | F1: Clothing & Footwear | G1: Housing | H1: Fuel & Light | I1: Miscellaneous | J1: General index
A2: Rural | B2: 2013 | C2: January | D2: =SUM('Working sheet'!$D2:$P2) -> 1371.7 | E2: =SUM('Working sheet'!$Q2) -> 105.1 | F2: =SUM('Working sheet'!$R2:$T2) -> 318.7 | G2: =SUM('Working sheet'!$U2) -> 100.4 | H2: =SUM('Working sheet'!$V2) -> 105.5 | I2: =SUM('Working sheet'!$W2:$AC2) -> 728 | J2: 105.1
A3: Urban | B3: 2013 | C3: January | D3: =SUM('Working sheet'!$D3:$P3) -> 1376.4 | E3: =SUM('Working sheet'!$Q3) -> 105.2 | F3: =SUM('Working sheet'!$R3:$T3) -> 316.7 | G3: =SUM('Working sheet'!$U3) -> 100.3 | H3: =SUM('Working sheet'!$V3) -> 105.4 | I3: =SUM('Working sheet'!$W3:$AC3) -> 726.5 | J3: 104
A4: Rural+Urban | B4: 2013 | C4: January | D4: =SUM('Working sheet'!$D4:$P4) -> 1373.3 | E4: =SUM('Working sheet'!$Q4) -> 105.1 | F4: =SUM('Working sheet'!$R4:$T4) -> 318 | G4: =SUM('Working sheet'!$U4) -> 100.3 | H4: =SUM('Working sheet'!$V4) -> 105.5 | I4: =SUM('Working sheet'!$W4:$AC4) -> 727.1 | J4: 104.6
A5: Rural | B5: 2013 | C5: February | D5: =SUM('Working sheet'!$D5:$P5) -> 1380.4 | E5: =SUM('Working sheet'!$Q5) -> 105.6 | F5: =SUM('Working sheet'!$R5:$T5) -> 320.4 | G5: =SUM('Working sheet'!$U5) -> 100.4 | H5: =SUM('Working sheet'!$V5) -> 106.2 | I5: =SUM('Working sheet'!$W5:$AC5) -> 730.6 | J5: 105.8
A6: Urban | B6: 2013 | C6: February | D6: =SUM('Working sheet'!$D6:$P6) -> 1390.6 | E6: =SUM('Working sheet'!$Q6) -> 106 | F6: =SUM('Working sheet'!$R6:$T6) -> 318.5 | G6: =SUM('Working sheet'!$U6) -> 100.4 | H6: =SUM('Working sheet'!$V6) -> 105.7 | I6: =SUM('Working sheet'!$W6:$AC6) -> 729.9 | J6: 104.7
A7: Rural+Urban | B7: 2013 | C7: February | D7: =SUM('Working sheet'!$D7:$P7) -> 1384.2 | E7: =SUM('Working sheet'!$Q7) -> 105.7 | F7: =SUM('Working sheet'!$R7:$T7) -> 319.7 | G7: =SUM('Working sheet'!$U7) -> 100.4 | H7: =SUM('Working sheet'!$V7) -> 106 | I7: =SUM('Working sheet'!$W7:$AC7) -> 730.3 | J7: 105.3
A8: Rural | B8: 2013 | C8: March | D8: =SUM('Working sheet'!$D8:$P8) -> 1382.2 | E8: =SUM('Working sheet'!$Q8) -> 106.5 | F8: =SUM('Working sheet'!$R8:$T8) -> 321.9 | G8: =SUM('Working sheet'!$U8) -> 100.5 | H8: =SUM('Working sheet'!$V8) -> 106.1 | I8: =SUM('Working sheet'!$W8:$AC8) -> 732.1 | J8: 106
A9: Urban | B9: 2013 | C9: March | D9: =SUM('Working sheet'!$D9:$P9) -> 1386.8 | E9: =SUM('Working sheet'!$Q9) -> 106.8 | F9: =SUM('Working sheet'!$R9:$T9) -> 320.2 | G9: =SUM('Working sheet'!$U9) -> 100.4 | H9: =SUM('Working sheet'!$V9) -> 106 | I9: =SUM('Working sheet'!$W9:$AC9) -> 732.8 | J9: 105
A10: Rural+Urban | B10: 2013 | C10: March | D10: =SUM('Working sheet'!$D10:$P10) -> 1384 | E10: =SUM('Working sheet'!$Q10) -> 106.6 | F10: =SUM('Working sheet'!$R10:$T10) -> 321.2 | G10: =SUM('Working sheet'!$U10) -> 100.4 | H10: =SUM('Working sheet'!$V10) -> 106.1 | I10: =SUM('Working sheet'!$W10:$AC10) -> 732.3 | J10: 105.5
A11: Rural | B11: 2013 | C11: April | D11: =SUM('Working sheet'!$D11:$P11) -> 1385.8 | E11: =SUM('Working sheet'!$Q11) -> 107.1 | F11: =SUM('Working sheet'!$R11:$T11) -> 323.5 | G11: =SUM('Working sheet'!$U11) -> 100.5 | H11: =SUM('Working sheet'!$V11) -> 106.5 | I11: =SUM('Working sheet'!$W11:$AC11) -> 732.2 | J11: 106.4
A12: Urban | B12: 2013 | C12: April | D12: =SUM('Working sheet'!$D12:$P12) -> 1397.7 | E12: =SUM('Working sheet'!$Q12) -> 108.5 | F12: =SUM('Working sheet'!$R12:$T12) -> 322 | G12: =SUM('Working sheet'!$U12) -> 100.5 | H12: =SUM('Working sheet'!$V12) -> 106.4 | I12: =SUM('Working sheet'!$W12:$AC12) -> 734.7 | J12: 105.7
A13: Rural+Urban | B13: 2013 | C13: April | D13: =SUM('Working sheet'!$D13:$P13) -> 1390.2 | E13: =SUM('Working sheet'!$Q13) -> 107.5 | F13: =SUM('Working sheet'!$R13:$T13) -> 322.9 | G13: =SUM('Working sheet'!$U13) -> 100.5 | H13: =SUM('Working sheet'!$V13) -> 106.5 | I13: =SUM('Working sheet'!$W13:$AC13) -> 733.2 | J13: 106.1
... A373: Rural+Urban | B373: 2023 | C373: May | D373: =SUM('Working sheet'!$D373:$P373) -> 2306.9 | E373: =SUM('Working sheet'!$Q373) -> 201 | F373: =SUM('Working sheet'!$R373:$T373) -> 553.2 | G373: =SUM('Working sheet'!$U373) -> 175.6 | H373: =SUM('Working sheet'!$V373) -> 182.8 | I373: =SUM('Working sheet'!$W373:$AC373) -> 1234.9 | J373: 179.1

Sheet Classification
B1: Item Name | C1: Indian CPI Category | F1: Food & Beverages
B2: Cereals and products | C2: Food & Beverages | F2: Pan, Tobacco & Intoxicants
B3: Meat and fish | C3: Food & Beverages | F3: Clothing & Footwear
B4: Egg | C4: Food & Beverages | F4: Housing
B5: Milk and products | C5: Food & Beverages | F5: Fuel & Light
B6: Oils and fats | C6: Food & Beverages | F6: Miscellaneous
B7: Fruits | C7: Food & Beverages
B8: Vegetables | C8: Food & Beverages
B9: Pulses and products | C9: Food & Beverages
B10: Sugar and Confectionery | C10: Food & Beverages
B11: Spices | C11: Food & Beverages
B12: Non-alcoholic beverages | C12: Food & Beverages
B13: Prepared meals, snacks, sweets etc. | C13: Food & Beverages
B14: Food and beverages | C14: Food & Beverages
B15: Pan, tobacco and intoxicants | C15: Pan, Tobacco & Intoxicants
B16: Clothing | C16: Clothing & Footwear
B17: Footwear | C17: Clothing & Footwear
B18: Clothing and footwear | C18: Clothing & Footwear
... B28: General index | C28: — Not Categorized

Sheet Case-study overview

Sheet CPI Contribution
A1: Sector | B1: Year | C1: Month | D1: Attribute | E1: Value
A2: Rural | B2: 2013 | C2: January | D2: Food & Beverages | E2: 1371.7
A3: Rural | B3: 2013 | C3: January | D3: Pan, Tobacco & Intoxicants | E3: 105.1
A4: Rural | B4: 2013 | C4: January | D4: Clothing & Footwear | E4: 318.7
A5: Rural | B5: 2013 | C5: January | D5: Housing | E5: 100.4 | H5: Year | I5: 2023
A6: Rural | B6: 2013 | C6: January | D6: Fuel & Light | E6: 105.5 | H6: Month | I6: May
A7: Rural | B7: 2013 | C7: January | D7: Miscellaneous | E7: 728
A8: Urban | B8: 2013 | C8: January | D8: Food & Beverages | E8: 1376.4 | I8: Column Labels
A9: Urban | B9: 2013 | C9: January | D9: Pan, Tobacco & Intoxicants | E9: 105.2 | I9: Rural+Urban
A10: Urban | B10: 2013 | C10: January | D10: Clothing & Footwear | E10: 316.7 | H10: Categories | I10: Index values | J10: Percentage
A11: Urban | B11: 2013 | C11: January | D11: Housing | E11: 100.3 | H11: Clothing & Footwear | I11: 553.2 | J11: 0.11885528
A12: Urban | B12: 2013 | C12: January | D12: Fuel & Light | E12: 105.4 | H12: Food & Beverages | I12: 2306.9 | J12: 0.49563854
A13: Urban | B13: 2013 | C13: January | D13: Miscellaneous | E13: 726.5 | H13: Fuel & Light | I13: 182.8 | J13: 0.039274665
A14: Rural+Urban | B14: 2013 | C14: January | D14: Food & Beverages | E14: 1373.3 | H14: Housing | I14: 175.6 | J14: 0.037727741
A15: Rural+Urban | B15: 2013 | C15: January | D15: Pan, Tobacco & Intoxicants | E15: 105.1 | H15: Miscellaneous | I15: 1234.9 | J15: 0.26531884
A16: Rural+Urban | B16: 2013 | C16: January | D16: Clothing & Footwear | E16: 318 | H16: Pan, Tobacco & Intoxicants | I16: 201 | J16: 0.043184943
A17: Rural+Urban | B17: 2013 | C17: January | D17: Housing | E17: 100.3 | H17: Grand Total | I17: 4654.4 | J17: 1
A18: Rural+Urban | B18: 2013 | C18: January | D18: Fuel & Light | E18: 105.5
A19: Rural+Urban | B19: 2013 | C19: January | D19: Miscellaneous | E19: 727.1
A20: Rural | B20: 2013 | C20: February | D20: Food & Beverages | E20: 1380.4
A21: Rural | B21: 2013 | C21: February | D21: Pan, Tobacco & Intoxicants | E21: 105.6
A22: Rural | B22: 2013 | C22: February | D22: Clothing & Footwear | E22: 320.4
A23: Rural | B23: 2013 | C23: February | D23: Housing | E23: 100.4
A24: Rural | B24: 2013 | C24: February | D24: Fuel & Light | E24: 106.2
A25: Rural | B25: 2013 | C25: February | D25: Miscellaneous | E25: 730.6
A26: Urban | B26: 2013 | C26: February | D26: Food & Beverages | E26: 1390.6
A27: Urban | B27: 2013 | C27: February | D27: Pan, Tobacco & Intoxicants | E27: 106
A28: Urban | B28: 2013 | C28: February | D28: Clothing & Footwear | E28: 318.5
A29: Urban | B29: 2013 | C29: February | D29: Housing | E29: 100.4
... A2233: Rural+Urban | B2233: 2023 | C2233: May | D2233: Miscellaneous | E2233: 1234.9

Sheet YOY Analysis
A1: Year | B1: Y-O-Y difference | C1: Average of General index
A2: 2016 | C2: 129.1
A3: 2017 | B3: 0.033199931 | C3: 133.38611
A4: 2018 | B4: 0.039609321 | C4: 138.66944
A5: 2019 | B5: 0.03935855 | C5: 144.12727
A6: 2020 | B6: 0.062294128 | C6: 153.10556
A7: 2021 | B7: 0.054283537 | C7: 161.41667
A8: 2022 | B8: 0.066029943 | C8: 172.075
A9: 2023 | B9: 0.031953121 | C9: 177.57333
A10: Grand Total | C10: 149.1625
A11: Year | B11: Y-O-Y difference
A12: 2016
A13: 2017 | B13: 0.033199931
A14: 2018 | B14: 0.039609321
A15: 2019 | B15: 0.03935855
A16: 2020 | B16: 0.062294128
A17: 2021 | B17: 0.054283537
A18: 2022 | B18: 0.066029943
A19: 2023 | B19: 0.031953121
A20: Grand Total

Sheet Food Inflation Analysis
A3: Year | B3: Month | C3: Rural | D3: Urban | E3: Rural+Urban | F3: inflation rate | I3: Date | J3: inflation rate | M3: Categories | N3: 44713 | O3: 45047 | P3: Inflation | R3: Categories | S3: Inflation
A4: 2022 | B4: June | C4: 2248.3 | D4: 2287.5 | E4: 2261.9 | I4: Jun-2022 | M4: Cereals and products | N4: 155 | O4: 173.7 | P4: =(O4-N4)/N4*100 -> 12.064516 | R4: Cereals and products | S4: 12.064516
A5: 2022 | B5: July | C5: 2252.5 | D5: 2291.6 | E5: 2266.3 | F5: =(E5-E4)/E4*100 -> 0.19452673 | I5: Jul-2022 | J5: 0.19452673 | M5: Meat and fish | N5: 219.4 | O5: 214.3 | P5: =(O5-N5)/N5*100 -> -2.3245214 | R5: Meat and fish | S5: -2.3245214
A6: 2022 | B6: August | C6: 2255.8 | D6: 2293.7 | E6: 2269.2 | F6: =(E6-E5)/E5*100 -> 0.12796188 | I6: Aug-2022 | J6: 0.12796188 | M6: Egg | N6: 170.8 | O6: 173.2 | P6: =(O6-N6)/N6*100 -> 1.4051522 | R6: Egg | S6: 1.4051522
A7: 2022 | B7: September | C7: 2267.8 | D7: 2306.4 | E7: 2280.9 | F7: =(E7-E6)/E6*100 -> 0.51560021 | I7: Sep-2022 | J7: 0.51560021 | M7: Milk and products | N7: 165.8 | O7: 179.5 | P7: =(O7-N7)/N7*100 -> 8.2629674 | R7: Milk and products | S7: 8.2629674
A8: 2022 | B8: October | C8: 2284.5 | D8: 2322.3 | E8: 2297.3 | F8: =(E8-E7)/E7*100 -> 0.71901442 | I8: Oct-2022 | J8: 0.71901442 | M8: Oils and fats | N8: 200.9 | O8: 170 | P8: =(O8-N8)/N8*100 -> -15.380786 | R8: Oils and fats | S8: -15.380786
A9: 2022 | B9: November | C9: 2287.7 | D9: 2314.4 | E9: 2296.8 | F9: =(E9-E8)/E8*100 -> -0.02176468 | I9: Nov-2022 | J9: -0.02176468 | M9: Fruits | N9: 169.7 | O9: 172.2 | P9: =(O9-N9)/N9*100 -> 1.473188 | R9: Fruits | S9: 1.473188
A10: 2022 | B10: December | C10: 2277.1 | D10: 2295.8 | E10: 2283.4 | F10: =(E10-E9)/E9*100 -> -0.58342041 | I10: Dec-2022 | J10: -0.58342041 | M10: Vegetables | N10: 182.3 | O10: 161 | P10: =(O10-N10)/N10*100 -> -11.684037 | R10: Vegetables | S10: -11.684037
A11: 2023 | B11: January | C11: 2283.2 | D11: 2310.2 | E11: 2292.7 | F11: =(E11-E10)/E10*100 -> 0.40728738 | I11: Jan-2023 | J11: 0.40728738 | M11: Pulses and products | N11: 164.3 | O11: 175.6 | P11: =(O11-N11)/N11*100 -> 6.8776628 | R11: Pulses and products | S11: 6.8776628
A12: 2023 | B12: February | C12: 2265.7 | D12: 2303.2 | E12: 2279.1 | F12: =(E12-E11)/E11*100 -> -0.59318707 | I12: Feb-2023 | J12: -0.59318707 | M12: Sugar and Confectionery | N12: 119.9 | O12: 122.7 | P12: =(O12-N12)/N12*100 -> 2.3352794 | R12: Sugar and Confectionery | S12: 2.3352794
A13: 2023 | B13: March | C13: 2265.8 | D13: 2303.4 | E13: 2279.2 | F13: =(E13-E12)/E12*100 -> 0.0043876969 | I13: Mar-2023 | J13: 0.0043876969 | M13: Spices | N13: 187.1 | O13: 218 | P13: =(O13-N13)/N13*100 -> 16.515232 | R13: Spices | S13: 16.515232
A14: 2023 | B14: April | C14: 2274.2 | D14: 2317.7 | E14: 2289.6 | F14: =(E14-E13)/E13*100 -> 0.45630046 | I14: Apr-2023 | J14: 0.45630046 | M14: Non-alcoholic beverages | N14: 167.9 | O14: 173.4 | P14: =(O14-N14)/N14*100 -> 3.2757594 | R14: Non-alcoholic beverages | S14: 3.2757594
A15: 2023 | B15: May | C15: 2290.7 | D15: 2335.1 | E15: 2306.9 | F15: =(E15-E14)/E14*100 -> 0.7555905 | I15: May-2023 | J15: 0.7555905 | M15: Prepared meals, scks, sweets etc. | N15: 183.9 | O15: 194.2 | P15: =(O15-N15)/N15*100 -> 5.60087 | R15: Prepared meals, scks, sweets etc. | S15: 5.60087
M16: Food and beverages | N16: 174.9 | O16: 179.1 | P16: =(O16-N16)/N16*100 -> 2.4013722 | R16: Food and beverages | S16: 2.4013722

Sheet Covid inflation Analysis
B1: COVID-19 AFFECTED INFLATION RATE IN INDIA
B3: Before Covid | I3: After Covid
A4: Category | B4: Sub Categories | C4: 43525 | D4: 43862 | E4: Inflation | H4: Category | I4: Sub Categories | J4: 43891 | K4: 44228 | L4: Inflation
A5: Food | B5: Cereals and products | C5: 137.8 | D5: 144.8 | E5: =(D5-C5)/C5*100 -> 5.0798258 | H5: Food | I5: Cereals and products | J5: 145.1 | K5: 144.3 | L5: =(K5-J5)/J5*100 -> -0.5513439
A6: Food | B6: Meat and fish | C6: 153 | D6: 167.5 | E6: =(D6-C6)/C6*100 -> 9.4771242 | H6: Food | I6: Meat and fish | J6: 167 | K6: 186.5 | L6: =(K6-J6)/J6*100 -> 11.676647
A7: Food | B7: Egg | C7: 140.3 | D7: 151.8 | E7: =(D7-C7)/C7*100 -> 8.1967213 | H7: Food | I7: Egg | J7: 148.1 | K7: 168.7 | L7: =(K7-J7)/J7*100 -> 13.909521
A8: Food | B8: Milk and products | C8: 142.3 | D8: 150.8 | E8: =(D8-C8)/C8*100 -> 5.9732959 | H8: Food | I8: Milk and products | J8: 151.5 | K8: 154.7 | L8: =(K8-J8)/J8*100 -> 2.1122112
A9: Food | B9: Oils and fats | C9: 122 | D9: 131.4 | E9: =(D9-C9)/C9*100 -> 7.704918 | H9: Food | I9: Oils and fats | J9: 131.2 | K9: 158.7 | L9: =(K9-J9)/J9*100 -> 20.960366
A10: Food | B10: Fruits | C10: 137.6 | D10: 141.8 | E10: =(D10-C10)/C10*100 -> 3.0523256 | H10: Food | I10: Fruits | J10: 142.5 | K10: 150.7 | L10: =(K10-J10)/J10*100 -> 5.754386
A11: Food | B11: Vegetables | C11: 132.6 | D11: 170.7 | E11: =(D11-C11)/C11*100 -> 28.733032 | H11: Food | I11: Vegetables | J11: 157.3 | K11: 160 | L11: =(K11-J11)/J11*100 -> 1.7164654
A12: Food | B12: Pulses and products | C12: 121.8 | D12: 141.1 | E12: =(D12-C12)/C12*100 -> 15.845649 | H12: Food | I12: Pulses and products | J12: 141.1 | K12: 158.8 | L12: =(K12-J12)/J12*100 -> 12.544295
A13: Food | B13: Sugar and Confectionery | C13: 109 | D13: 113.6 | E13: =(D13-C13)/C13*100 -> 4.2201835 | H13: Food | I13: Sugar and Confectionery | J13: 113.2 | K13: 112.8 | L13: =(K13-J13)/J13*100 -> -0.35335689
A14: Food | B14: Spices | C14: 139.5 | D14: 152 | E14: =(D14-C14)/C14*100 -> 8.9605735 | H14: Food | I14: Spices | J14: 153.2 | K14: 164.2 | L14: =(K14-J14)/J14*100 -> 7.1801567
A15: Food | B15: Non-alcoholic beverages | C15: 133.7 | D15: 136.5 | E15: =(D15-C15)/C15*100 -> 2.0942408 | H15: Food | I15: Non-alcoholic beverages | J15: 136.7 | K15: 155.5 | L15: =(K15-J15)/J15*100 -> 13.752743
A16: Food | B16: Prepared meals, scks, sweets etc. | C16: 155.2 | D16: 159.1 | E16: =(D16-C16)/C16*100 -> 2.5128866 | H16: Food | I16: Prepared meals, scks, sweets etc. | J16: 159.6 | K16: 167.5 | L16: =(K16-J16)/J16*100 -> 4.9498747
... A21: Transport | B21: Transport and communication | C21: 124.6 | D21: 130.3 | E21: =(D21-C21)/C21*100 -> 4.5746388 | H21: Transport | I21: Transport and communication | J21: 129.9 | K21: 145.1 | L21: =(K21-J21)/J21*100 -> 11.701309
B23: Inflation rate before Covid | I23: Inflation rate after Covid
A24: Category | B24: Inflation | H24: Category | I24: Inflation
A25: Food | B25: =AVERAGE(E5:E17) -> 8.5253674 | C25: Food | D25: =B25 -> 8.5253674 | H25: Food | I25: =AVERAGE(L5:L17) -> 7.6172844 | J25: Food | K25: =I25 -> 7.6172844
A26: Fuel and light | B26: =E18 -> 5.3686471 | C26: Health | D26: =B28 -> 3.7619699 | H26: Fuel and light | I26: =L18 -> 2.3505709 | J26: Health | K26: =I28 -> 5.9093894
A27: Good and services | B27: =E19 -> 1.8080668 | C27: Essential services | D27: =AVERAGE(B26,B27,B29) -> 3.9171176 | H27: Good and services | I27: =L19 -> 3.0737705 | J27: Essential services | K27: =AVERAGE(I26,I27,I29) -> 5.70855
A28: Health | B28: =E20 -> 3.7619699 | H28: Health | I28: =L20 -> 5.9093894
A29: Transport | B29: =E21 -> 4.5746388 | H29: Transport | I29: =L21 -> 11.701309

Sheet Crude oil Analysis
A6: Year | B6: Month | C6: Food & Beverages | D6: Pan, Tobacco & Intoxicants | E6: Clothing & Footwear | F6: Housing | G6: Fuel & Light | H6: Household goods and services | I6: Health | J6: Transport and communication | K6: Recreation and amusement | L6: Education | M6: Persol care and effects | N6: Miscellaneous | O6: Crude oil | Q6: Food & Beverages | R6: Pan, Tobacco & Intoxicants | S6: Clothing & Footwear | T6: Housing | U6: Fuel & Light | V6: Household goods and services | W6: Health | X6: Transport and communication | Y6: Recreation and amusement | Z6: Education | AA6: Persol care and effects | AB6: Miscellaneous
A7: 2021 | B7: January | C7: 2076.5 | D7: 186.5 | E7: 455.8 | F7: 157.7 | G7: 147.9 | H7: 150 | I7: 159.3 | J7: 141.9 | K7: 149.6 | L7: 159.2 | M7: 156.8 | N7: 151.9 | O7: 54.79457 | Q7: =CORREL(C7:C35,$O$7:$O$35) -> 0.58420485 | R7: =CORREL(D7:D35,$O$7:$O$35) -> 0.3988405 | S7: =CORREL(E7:E35,$O$7:$O$35) -> 0.53102217 | T7: =CORREL(F7:F35,$O$7:$O$35) -> 0.42782963 | U7: =CORREL(G7:G35,$O$7:$O$35) -> 0.57024198 | V7: =CORREL(H7:H35,$O$7:$O$35) -> 0.50593742 | W7: =CORREL(I7:I35,$O$7:$O$35) -> 0.47641008 | X7: =CORREL(J7:J35,$O$7:$O$35) -> 0.66761514 | ... AB7: =CORREL(N7:N35,$O$7:$O$35) -> 0.53388059
A8: 2021 | B8: February | C8: 2039.3 | D8: 188.3 | E8: 460.4 | F8: 159.8 | G8: 152.4 | H8: 150.9 | I8: 161.3 | J8: 145.1 | K8: 151.5 | L8: 159.5 | M8: 155.8 | N8: 153.4 | O8: 61.216117
A9: 2021 | B9: March | C9: 2039.4 | D9: 188.1 | E9: 462.1 | F9: 159.9 | G9: 155.5 | H9: 151.2 | I9: 161.7 | J9: 146.2 | K9: 152.6 | L9: 160.2 | M9: 153.8 | N9: 153.8 | O9: 64.729497
A10: 2021 | B10: April | C10: 2064.1 | D10: 188.8 | E10: 464.6 | F10: 161.4 | G10: 155.6 | H10: 151.8 | I10: 162.3 | J10: 146.6 | K10: 153.2 | L10: 160.3 | M10: 155.4 | N10: 154.4 | O10: 63.396977
A11: 2021 | B11: May | C11: 2105.7 | D11: 191.9 | E11: 474.3 | F11: 161.6 | G11: 159.4 | H11: 154.7 | I11: 165.8 | J11: 148.9 | K11: 155.8 | L11: 161.2 | M11: 158.6 | N11: 156.8 | O11: 66.953085
A12: 2021 | B12: June | C12: 2133.9 | D12: 190.8 | E12: 474.7 | F12: 160.5 | G12: 159.8 | H12: 154.8 | I12: 166.3 | J12: 150.7 | K12: 154.9 | L12: 161.7 | M12: 158.8 | N12: 157.6 | O12: 71.982647
A13: 2021 | B13: July | C13: 2147 | D13: 191.2 | E13: 477.3 | F13: 161.5 | G13: 160.7 | H13: 155.8 | I13: 167 | J13: 153.1 | K13: 155.3 | L13: 163.2 | M13: 160.1 | N13: 159 | O13: 73.539061
A14: 2021 | B14: August | C14: 2142 | D14: 192.1 | E14: 483 | F14: 162.1 | G14: 162.6 | H14: 157.5 | I14: 168.4 | J14: 154 | K14: 157.6 | L14: 163.8 | M14: 160 | N14: 160 | O14: 69.804724
A15: 2021 | B15: September | C15: 2142 | D15: 192.1 | E15: 483.2 | F15: 162.1 | G15: 162.6 | H15: 157.5 | I15: 168.4 | J15: 154 | K15: 157.7 | L15: 163.7 | M15: 160 | N15: 160 | O15: 73.130738
A16: 2021 | B16: October | C16: 2175.5 | D16: 192.7 | E16: 486.3 | F16: 163.6 | G16: 164.2 | H16: 158.4 | I16: 169.1 | J16: 155.7 | K16: 158.6 | L16: 163.9 | M16: 160.8 | N16: 161 | O16: 82.107394
A17: 2021 | B17: November | C17: 2194.1 | D17: 192.9 | E17: 490.4 | F17: 164.2 | G17: 163.9 | H17: 159.3 | I17: 169.9 | J17: 154.8 | K17: 159.8 | L17: 164.3 | M17: 162.2 | N17: 161.4 | O17: 80.637301
A18: 2021 | B18: December | C18: 2180.9 | D18: 192.4 | E18: 494.2 | F18: 163.4 | G18: 164.1 | H18: 160.2 | I18: 170.6 | J18: 155.7 | K18: 160.6 | L18: 164.4 | M18: 162.6 | N18: 162 | O18: 73.298824
A19: 2022 | B19: January | C19: 2164.2 | D19: 192.2 | E19: 499.1 | F19: 164.5 | G19: 164.2 | H19: 161.1 | I19: 171.4 | J19: 156.5 | K19: 161.2 | L19: 164.7 | M19: 163 | N19: 162.7 | O19: 84.666319
... A35: 2023 | B35: May | C35: 2306.9 | D35: 201 | E35: 553.2 | F35: 175.6 | G35: 182.8 | H35: 175.2 | I35: 185.7 | J35: 164.8 | K35: 171.2 | L35: 177.1 | M35: 185.2 | N35: 175.7 | O35: 74.981548
